// 自动生成：UTF-8 → GB2312 区位码查询表（按 Unicode 升序，二分查找）。
// 生成脚本 tools/gen_gb_table.py，勿手改。
#pragma once
#include <stdint.h>

// quwei 高字节=区(0..93)、低字节=位(0..93)，HZK16 偏移 = (qu*94+wei)*32
struct GbEntry { uint16_t uni; uint16_t quwei; };

constexpr GbEntry kGbTable[] = {
  {0x00A4, 0x0047},
  {0x00A7, 0x004B},
  {0x00A8, 0x0006},
  {0x00B0, 0x0042},
  {0x00B1, 0x001F},
  {0x00D7, 0x0020},
  {0x00E0, 0x0703},
  {0x00E1, 0x0701},
  {0x00E8, 0x0707},
  {0x00E9, 0x0705},
  {0x00EA, 0x0719},
  {0x00EC, 0x070B},
  {0x00ED, 0x0709},
  {0x00F2, 0x070F},
  {0x00F3, 0x070D},
  {0x00F7, 0x0021},
  {0x00F9, 0x0713},
  {0x00FA, 0x0711},
  {0x00FC, 0x0718},
  {0x0101, 0x0700},
  {0x0113, 0x0704},
  {0x011B, 0x0706},
  {0x012B, 0x0708},
  {0x014D, 0x070C},
  {0x016B, 0x0710},
  {0x01CE, 0x0702},
  {0x01D0, 0x070A},
  {0x01D2, 0x070E},
  {0x01D4, 0x0712},
  {0x01D6, 0x0714},
  {0x01D8, 0x0715},
  {0x01DA, 0x0716},
  {0x01DC, 0x0717},
  {0x02C7, 0x0005},
  {0x02C9, 0x0004},
  {0x0391, 0x0500},
  {0x0392, 0x0501},
  {0x0393, 0x0502},
  {0x0394, 0x0503},
  {0x0395, 0x0504},
  {0x0396, 0x0505},
  {0x0397, 0x0506},
  {0x0398, 0x0507},
  {0x0399, 0x0508},
  {0x039A, 0x0509},
  {0x039B, 0x050A},
  {0x039C, 0x050B},
  {0x039D, 0x050C},
  {0x039E, 0x050D},
  {0x039F, 0x050E},
  {0x03A0, 0x050F},
  {0x03A1, 0x0510},
  {0x03A3, 0x0511},
  {0x03A4, 0x0512},
  {0x03A5, 0x0513},
  {0x03A6, 0x0514},
  {0x03A7, 0x0515},
  {0x03A8, 0x0516},
  {0x03A9, 0x0517},
  {0x03B1, 0x0520},
  {0x03B2, 0x0521},
  {0x03B3, 0x0522},
  {0x03B4, 0x0523},
  {0x03B5, 0x0524},
  {0x03B6, 0x0525},
  {0x03B7, 0x0526},
  {0x03B8, 0x0527},
  {0x03B9, 0x0528},
  {0x03BA, 0x0529},
  {0x03BB, 0x052A},
  {0x03BC, 0x052B},
  {0x03BD, 0x052C},
  {0x03BE, 0x052D},
  {0x03BF, 0x052E},
  {0x03C0, 0x052F},
  {0x03C1, 0x0530},
  {0x03C3, 0x0531},
  {0x03C4, 0x0532},
  {0x03C5, 0x0533},
  {0x03C6, 0x0534},
  {0x03C7, 0x0535},
  {0x03C8, 0x0536},
  {0x03C9, 0x0537},
  {0x0401, 0x0606},
  {0x0410, 0x0600},
  {0x0411, 0x0601},
  {0x0412, 0x0602},
  {0x0413, 0x0603},
  {0x0414, 0x0604},
  {0x0415, 0x0605},
  {0x0416, 0x0607},
  {0x0417, 0x0608},
  {0x0418, 0x0609},
  {0x0419, 0x060A},
  {0x041A, 0x060B},
  {0x041B, 0x060C},
  {0x041C, 0x060D},
  {0x041D, 0x060E},
  {0x041E, 0x060F},
  {0x041F, 0x0610},
  {0x0420, 0x0611},
  {0x0421, 0x0612},
  {0x0422, 0x0613},
  {0x0423, 0x0614},
  {0x0424, 0x0615},
  {0x0425, 0x0616},
  {0x0426, 0x0617},
  {0x0427, 0x0618},
  {0x0428, 0x0619},
  {0x0429, 0x061A},
  {0x042A, 0x061B},
  {0x042B, 0x061C},
  {0x042C, 0x061D},
  {0x042D, 0x061E},
  {0x042E, 0x061F},
  {0x042F, 0x0620},
  {0x0430, 0x0630},
  {0x0431, 0x0631},
  {0x0432, 0x0632},
  {0x0433, 0x0633},
  {0x0434, 0x0634},
  {0x0435, 0x0635},
  {0x0436, 0x0637},
  {0x0437, 0x0638},
  {0x0438, 0x0639},
  {0x0439, 0x063A},
  {0x043A, 0x063B},
  {0x043B, 0x063C},
  {0x043C, 0x063D},
  {0x043D, 0x063E},
  {0x043E, 0x063F},
  {0x043F, 0x0640},
  {0x0440, 0x0641},
  {0x0441, 0x0642},
  {0x0442, 0x0643},
  {0x0443, 0x0644},
  {0x0444, 0x0645},
  {0x0445, 0x0646},
  {0x0446, 0x0647},
  {0x0447, 0x0648},
  {0x0448, 0x0649},
  {0x0449, 0x064A},
  {0x044A, 0x064B},
  {0x044B, 0x064C},
  {0x044C, 0x064D},
  {0x044D, 0x064E},
  {0x044E, 0x064F},
  {0x044F, 0x0650},
  {0x0451, 0x0636},
  {0x2015, 0x0009},
  {0x2016, 0x000B},
  {0x2018, 0x000D},
  {0x2019, 0x000E},
  {0x201C, 0x000F},
  {0x201D, 0x0010},
  {0x2026, 0x000C},
  {0x2030, 0x004A},
  {0x2032, 0x0043},
  {0x2033, 0x0044},
  {0x203B, 0x0058},
  {0x2103, 0x0045},
  {0x2116, 0x004C},
  {0x2160, 0x0150},
  {0x2161, 0x0151},
  {0x2162, 0x0152},
  {0x2163, 0x0153},
  {0x2164, 0x0154},
  {0x2165, 0x0155},
  {0x2166, 0x0156},
  {0x2167, 0x0157},
  {0x2168, 0x0158},
  {0x2169, 0x0159},
  {0x216A, 0x015A},
  {0x216B, 0x015B},
  {0x2190, 0x005A},
  {0x2191, 0x005B},
  {0x2192, 0x0059},
  {0x2193, 0x005C},
  {0x2208, 0x0029},
  {0x220F, 0x0026},
  {0x2211, 0x0025},
  {0x221A, 0x002B},
  {0x221D, 0x0037},
  {0x221E, 0x003D},
  {0x2220, 0x002E},
  {0x2225, 0x002D},
  {0x2227, 0x0023},
  {0x2228, 0x0024},
  {0x2229, 0x0028},
  {0x222A, 0x0027},
  {0x222B, 0x0031},
  {0x222E, 0x0032},
  {0x2234, 0x003F},
  {0x2235, 0x003E},
  {0x2236, 0x0022},
  {0x2237, 0x002A},
  {0x223D, 0x0036},
  {0x2248, 0x0035},
  {0x224C, 0x0034},
  {0x2260, 0x0038},
  {0x2261, 0x0033},
  {0x2264, 0x003B},
  {0x2265, 0x003C},
  {0x226E, 0x0039},
  {0x226F, 0x003A},
  {0x2299, 0x0030},
  {0x22A5, 0x002C},
  {0x2312, 0x002F},
  {0x2460, 0x0138},
  {0x2461, 0x0139},
  {0x2462, 0x013A},
  {0x2463, 0x013B},
  {0x2464, 0x013C},
  {0x2465, 0x013D},
  {0x2466, 0x013E},
  {0x2467, 0x013F},
  {0x2468, 0x0140},
  {0x2469, 0x0141},
  {0x2474, 0x0124},
  {0x2475, 0x0125},
  {0x2476, 0x0126},
  {0x2477, 0x0127},
  {0x2478, 0x0128},
  {0x2479, 0x0129},
  {0x247A, 0x012A},
  {0x247B, 0x012B},
  {0x247C, 0x012C},
  {0x247D, 0x012D},
  {0x247E, 0x012E},
  {0x247F, 0x012F},
  {0x2480, 0x0130},
  {0x2481, 0x0131},
  {0x2482, 0x0132},
  {0x2483, 0x0133},
  {0x2484, 0x0134},
  {0x2485, 0x0135},
  {0x2486, 0x0136},
  {0x2487, 0x0137},
  {0x2488, 0x0110},
  {0x2489, 0x0111},
  {0x248A, 0x0112},
  {0x248B, 0x0113},
  {0x248C, 0x0114},
  {0x248D, 0x0115},
  {0x248E, 0x0116},
  {0x248F, 0x0117},
  {0x2490, 0x0118},
  {0x2491, 0x0119},
  {0x2492, 0x011A},
  {0x2493, 0x011B},
  {0x2494, 0x011C},
  {0x2495, 0x011D},
  {0x2496, 0x011E},
  {0x2497, 0x011F},
  {0x2498, 0x0120},
  {0x2499, 0x0121},
  {0x249A, 0x0122},
  {0x249B, 0x0123},
  {0x2500, 0x0803},
  {0x2501, 0x0804},
  {0x2502, 0x0805},
  {0x2503, 0x0806},
  {0x2504, 0x0807},
  {0x2505, 0x0808},
  {0x2506, 0x0809},
  {0x2507, 0x080A},
  {0x2508, 0x080B},
  {0x2509, 0x080C},
  {0x250A, 0x080D},
  {0x250B, 0x080E},
  {0x250C, 0x080F},
  {0x250D, 0x0810},
  {0x250E, 0x0811},
  {0x250F, 0x0812},
  {0x2510, 0x0813},
  {0x2511, 0x0814},
  {0x2512, 0x0815},
  {0x2513, 0x0816},
  {0x2514, 0x0817},
  {0x2515, 0x0818},
  {0x2516, 0x0819},
  {0x2517, 0x081A},
  {0x2518, 0x081B},
  {0x2519, 0x081C},
  {0x251A, 0x081D},
  {0x251B, 0x081E},
  {0x251C, 0x081F},
  {0x251D, 0x0820},
  {0x251E, 0x0821},
  {0x251F, 0x0822},
  {0x2520, 0x0823},
  {0x2521, 0x0824},
  {0x2522, 0x0825},
  {0x2523, 0x0826},
  {0x2524, 0x0827},
  {0x2525, 0x0828},
  {0x2526, 0x0829},
  {0x2527, 0x082A},
  {0x2528, 0x082B},
  {0x2529, 0x082C},
  {0x252A, 0x082D},
  {0x252B, 0x082E},
  {0x252C, 0x082F},
  {0x252D, 0x0830},
  {0x252E, 0x0831},
  {0x252F, 0x0832},
  {0x2530, 0x0833},
  {0x2531, 0x0834},
  {0x2532, 0x0835},
  {0x2533, 0x0836},
  {0x2534, 0x0837},
  {0x2535, 0x0838},
  {0x2536, 0x0839},
  {0x2537, 0x083A},
  {0x2538, 0x083B},
  {0x2539, 0x083C},
  {0x253A, 0x083D},
  {0x253B, 0x083E},
  {0x253C, 0x083F},
  {0x253D, 0x0840},
  {0x253E, 0x0841},
  {0x253F, 0x0842},
  {0x2540, 0x0843},
  {0x2541, 0x0844},
  {0x2542, 0x0845},
  {0x2543, 0x0846},
  {0x2544, 0x0847},
  {0x2545, 0x0848},
  {0x2546, 0x0849},
  {0x2547, 0x084A},
  {0x2548, 0x084B},
  {0x2549, 0x084C},
  {0x254A, 0x084D},
  {0x254B, 0x084E},
  {0x25A0, 0x0055},
  {0x25A1, 0x0054},
  {0x25B2, 0x0057},
  {0x25B3, 0x0056},
  {0x25C6, 0x0053},
  {0x25C7, 0x0052},
  {0x25CB, 0x004F},
  {0x25CE, 0x0051},
  {0x25CF, 0x0050},
  {0x2605, 0x004E},
  {0x2606, 0x004D},
  {0x2640, 0x0041},
  {0x2642, 0x0040},
  {0x3000, 0x0000},
  {0x3001, 0x0001},
  {0x3002, 0x0002},
  {0x3003, 0x0007},
  {0x3005, 0x0008},
  {0x3008, 0x0013},
  {0x3009, 0x0014},
  {0x300A, 0x0015},
  {0x300B, 0x0016},
  {0x300C, 0x0017},
  {0x300D, 0x0018},
  {0x300E, 0x0019},
  {0x300F, 0x001A},
  {0x3010, 0x001D},
  {0x3011, 0x001E},
  {0x3013, 0x005D},
  {0x3014, 0x0011},
  {0x3015, 0x0012},
  {0x3016, 0x001B},
  {0x3017, 0x001C},
  {0x3041, 0x0300},
  {0x3042, 0x0301},
  {0x3043, 0x0302},
  {0x3044, 0x0303},
  {0x3045, 0x0304},
  {0x3046, 0x0305},
  {0x3047, 0x0306},
  {0x3048, 0x0307},
  {0x3049, 0x0308},
  {0x304A, 0x0309},
  {0x304B, 0x030A},
  {0x304C, 0x030B},
  {0x304D, 0x030C},
  {0x304E, 0x030D},
  {0x304F, 0x030E},
  {0x3050, 0x030F},
  {0x3051, 0x0310},
  {0x3052, 0x0311},
  {0x3053, 0x0312},
  {0x3054, 0x0313},
  {0x3055, 0x0314},
  {0x3056, 0x0315},
  {0x3057, 0x0316},
  {0x3058, 0x0317},
  {0x3059, 0x0318},
  {0x305A, 0x0319},
  {0x305B, 0x031A},
  {0x305C, 0x031B},
  {0x305D, 0x031C},
  {0x305E, 0x031D},
  {0x305F, 0x031E},
  {0x3060, 0x031F},
  {0x3061, 0x0320},
  {0x3062, 0x0321},
  {0x3063, 0x0322},
  {0x3064, 0x0323},
  {0x3065, 0x0324},
  {0x3066, 0x0325},
  {0x3067, 0x0326},
  {0x3068, 0x0327},
  {0x3069, 0x0328},
  {0x306A, 0x0329},
  {0x306B, 0x032A},
  {0x306C, 0x032B},
  {0x306D, 0x032C},
  {0x306E, 0x032D},
  {0x306F, 0x032E},
  {0x3070, 0x032F},
  {0x3071, 0x0330},
  {0x3072, 0x0331},
  {0x3073, 0x0332},
  {0x3074, 0x0333},
  {0x3075, 0x0334},
  {0x3076, 0x0335},
  {0x3077, 0x0336},
  {0x3078, 0x0337},
  {0x3079, 0x0338},
  {0x307A, 0x0339},
  {0x307B, 0x033A},
  {0x307C, 0x033B},
  {0x307D, 0x033C},
  {0x307E, 0x033D},
  {0x307F, 0x033E},
  {0x3080, 0x033F},
  {0x3081, 0x0340},
  {0x3082, 0x0341},
  {0x3083, 0x0342},
  {0x3084, 0x0343},
  {0x3085, 0x0344},
  {0x3086, 0x0345},
  {0x3087, 0x0346},
  {0x3088, 0x0347},
  {0x3089, 0x0348},
  {0x308A, 0x0349},
  {0x308B, 0x034A},
  {0x308C, 0x034B},
  {0x308D, 0x034C},
  {0x308E, 0x034D},
  {0x308F, 0x034E},
  {0x3090, 0x034F},
  {0x3091, 0x0350},
  {0x3092, 0x0351},
  {0x3093, 0x0352},
  {0x30A1, 0x0400},
  {0x30A2, 0x0401},
  {0x30A3, 0x0402},
  {0x30A4, 0x0403},
  {0x30A5, 0x0404},
  {0x30A6, 0x0405},
  {0x30A7, 0x0406},
  {0x30A8, 0x0407},
  {0x30A9, 0x0408},
  {0x30AA, 0x0409},
  {0x30AB, 0x040A},
  {0x30AC, 0x040B},
  {0x30AD, 0x040C},
  {0x30AE, 0x040D},
  {0x30AF, 0x040E},
  {0x30B0, 0x040F},
  {0x30B1, 0x0410},
  {0x30B2, 0x0411},
  {0x30B3, 0x0412},
  {0x30B4, 0x0413},
  {0x30B5, 0x0414},
  {0x30B6, 0x0415},
  {0x30B7, 0x0416},
  {0x30B8, 0x0417},
  {0x30B9, 0x0418},
  {0x30BA, 0x0419},
  {0x30BB, 0x041A},
  {0x30BC, 0x041B},
  {0x30BD, 0x041C},
  {0x30BE, 0x041D},
  {0x30BF, 0x041E},
  {0x30C0, 0x041F},
  {0x30C1, 0x0420},
  {0x30C2, 0x0421},
  {0x30C3, 0x0422},
  {0x30C4, 0x0423},
  {0x30C5, 0x0424},
  {0x30C6, 0x0425},
  {0x30C7, 0x0426},
  {0x30C8, 0x0427},
  {0x30C9, 0x0428},
  {0x30CA, 0x0429},
  {0x30CB, 0x042A},
  {0x30CC, 0x042B},
  {0x30CD, 0x042C},
  {0x30CE, 0x042D},
  {0x30CF, 0x042E},
  {0x30D0, 0x042F},
  {0x30D1, 0x0430},
  {0x30D2, 0x0431},
  {0x30D3, 0x0432},
  {0x30D4, 0x0433},
  {0x30D5, 0x0434},
  {0x30D6, 0x0435},
  {0x30D7, 0x0436},
  {0x30D8, 0x0437},
  {0x30D9, 0x0438},
  {0x30DA, 0x0439},
  {0x30DB, 0x043A},
  {0x30DC, 0x043B},
  {0x30DD, 0x043C},
  {0x30DE, 0x043D},
  {0x30DF, 0x043E},
  {0x30E0, 0x043F},
  {0x30E1, 0x0440},
  {0x30E2, 0x0441},
  {0x30E3, 0x0442},
  {0x30E4, 0x0443},
  {0x30E5, 0x0444},
  {0x30E6, 0x0445},
  {0x30E7, 0x0446},
  {0x30E8, 0x0447},
  {0x30E9, 0x0448},
  {0x30EA, 0x0449},
  {0x30EB, 0x044A},
  {0x30EC, 0x044B},
  {0x30ED, 0x044C},
  {0x30EE, 0x044D},
  {0x30EF, 0x044E},
  {0x30F0, 0x044F},
  {0x30F1, 0x0450},
  {0x30F2, 0x0451},
  {0x30F3, 0x0452},
  {0x30F4, 0x0453},
  {0x30F5, 0x0454},
  {0x30F6, 0x0455},
  {0x30FB, 0x0003},
  {0x3105, 0x0724},
  {0x3106, 0x0725},
  {0x3107, 0x0726},
  {0x3108, 0x0727},
  {0x3109, 0x0728},
  {0x310A, 0x0729},
  {0x310B, 0x072A},
  {0x310C, 0x072B},
  {0x310D, 0x072C},
  {0x310E, 0x072D},
  {0x310F, 0x072E},
  {0x3110, 0x072F},
  {0x3111, 0x0730},
  {0x3112, 0x0731},
  {0x3113, 0x0732},
  {0x3114, 0x0733},
  {0x3115, 0x0734},
  {0x3116, 0x0735},
  {0x3117, 0x0736},
  {0x3118, 0x0737},
  {0x3119, 0x0738},
  {0x311A, 0x0739},
  {0x311B, 0x073A},
  {0x311C, 0x073B},
  {0x311D, 0x073C},
  {0x311E, 0x073D},
  {0x311F, 0x073E},
  {0x3120, 0x073F},
  {0x3121, 0x0740},
  {0x3122, 0x0741},
  {0x3123, 0x0742},
  {0x3124, 0x0743},
  {0x3125, 0x0744},
  {0x3126, 0x0745},
  {0x3127, 0x0746},
  {0x3128, 0x0747},
  {0x3129, 0x0748},
  {0x3220, 0x0144},
  {0x3221, 0x0145},
  {0x3222, 0x0146},
  {0x3223, 0x0147},
  {0x3224, 0x0148},
  {0x3225, 0x0149},
  {0x3226, 0x014A},
  {0x3227, 0x014B},
  {0x3228, 0x014C},
  {0x3229, 0x014D},
  {0x4E00, 0x311A},
  {0x4E01, 0x1500},
  {0x4E03, 0x253E},
  {0x4E07, 0x2C51},
  {0x4E08, 0x3428},
  {0x4E09, 0x275C},
  {0x4E0A, 0x282E},
  {0x4E0B, 0x2E21},
  {0x4E0C, 0x3701},
  {0x4E0D, 0x111A},
  {0x4E0E, 0x324A},
  {0x4E10, 0x3703},
  {0x4E11, 0x1252},
  {0x4E13, 0x3607},
  {0x4E14, 0x2631},
  {0x4E15, 0x3706},
  {0x4E16, 0x291F},
  {0x4E18, 0x264F},
  {0x4E19, 0x105A},
  {0x4E1A, 0x3114},
  {0x4E1B, 0x1333},
  {0x4E1C, 0x150A},
  {0x4E1D, 0x2A1E},
  {0x4E1E, 0x3708},
  {0x4E22, 0x1509},
  {0x4E24, 0x201C},
  {0x4E25, 0x302E},
  {0x4E27, 0x2804},
  {0x4E28, 0x370C},
  {0x4E2A, 0x1755},
  {0x4E2B, 0x301D},
  {0x4E2C, 0x423B},
  {0x4E2D, 0x352F},
  {0x4E30, 0x1640},
  {0x4E32, 0x130D},
  {0x4E34, 0x2038},
  {0x4E36, 0x371B},
  {0x4E38, 0x2C47},
  {0x4E39, 0x1403},
  {0x4E3A, 0x2D09},
  {0x4E3B, 0x3556},
  {0x4E3D, 0x1F55},
  {0x4E3E, 0x1D38},
  {0x4E3F, 0x370E},
  {0x4E43, 0x232A},
  {0x4E45, 0x1D22},
  {0x4E47, 0x3710},
  {0x4E48, 0x2213},
  {0x4E49, 0x3144},
  {0x4E4B, 0x350D},
  {0x4E4C, 0x2D39},
  {0x4E4D, 0x3406},
  {0x4E4E, 0x1954},
  {0x4E4F, 0x1605},
  {0x4E50, 0x1F35},
  {0x4E52, 0x2518},
  {0x4E53, 0x2431},
  {0x4E54, 0x2626},
  {0x4E56, 0x1833},
  {0x4E58, 0x122A},
  {0x4E59, 0x3131},
  {0x4E5C, 0x371E},
  {0x4E5D, 0x1D24},
  {0x4E5E, 0x2551},
  {0x4E5F, 0x3111},
  {0x4E60, 0x2E0F},
  {0x4E61, 0x2E46},
  {0x4E66, 0x2948},
  {0x4E69, 0x371F},
  {0x4E70, 0x2151},
  {0x4E71, 0x2131},
  {0x4E73, 0x2748},
  {0x4E7E, 0x260B},
  {0x4E86, 0x202A},
  {0x4E88, 0x3247},
  {0x4E89, 0x3458},
  {0x4E8B, 0x2921},
  {0x4E8C, 0x155D},
  {0x4E8D, 0x3700},
  {0x4E8E, 0x3239},
  {0x4E8F, 0x1E56},
  {0x4E91, 0x3325},
  {0x4E92, 0x1A04},
  {0x4E93, 0x3720},
  {0x4E94, 0x2D44},
  {0x4E95, 0x1D0D},
  {0x4E98, 0x3707},
  {0x4E9A, 0x3026},
  {0x4E9B, 0x2F08},
  {0x4E9F, 0x371C},
  {0x4EA0, 0x384E},
  {0x4EA1, 0x2C55},
  {0x4EA2, 0x1E19},
  {0x4EA4, 0x1C1A},
  {0x4EA5, 0x1904},
  {0x4EA6, 0x313F},
  {0x4EA7, 0x1159},
  {0x4EA8, 0x193F},
  {0x4EA9, 0x2315},
  {0x4EAB, 0x2E4C},
  {0x4EAC, 0x1D08},
  {0x4EAD, 0x2C03},
  {0x4EAE, 0x2020},
  {0x4EB2, 0x2636},
  {0x4EB3, 0x3850},
  {0x4EB5, 0x3853},
  {0x4EBA, 0x272A},
  {0x4EBB, 0x3748},
  {0x4EBF, 0x3139},
  {0x4EC0, 0x2911},
  {0x4EC1, 0x2729},
  {0x4EC2, 0x374B},
  {0x4EC3, 0x3749},
  {0x4EC4, 0x3725},
  {0x4EC5, 0x1C55},
  {0x4EC6, 0x252C},
  {0x4EC7, 0x124F},
  {0x4EC9, 0x374A},
  {0x4ECA, 0x1C50},
  {0x4ECB, 0x1C48},
  {0x4ECD, 0x2733},
  {0x4ECE, 0x1332},
  {0x4ED1, 0x2137},
  {0x4ED3, 0x1135},
  {0x4ED4, 0x362F},
  {0x4ED5, 0x292A},
  {0x4ED6, 0x2A5A},
  {0x4ED7, 0x342B},
  {0x4ED8, 0x1715},
  {0x4ED9, 0x2E28},
  {0x4EDD, 0x3839},
  {0x4EDE, 0x374F},
  {0x4EDF, 0x2609},
  {0x4EE1, 0x374D},
  {0x4EE3, 0x1359},
  {0x4EE4, 0x204D},
  {0x4EE5, 0x3133},
  {0x4EE8, 0x374C},
  {0x4EEA, 0x3126},
  {0x4EEB, 0x374E},
  {0x4EEC, 0x2226},
  {0x4EF0, 0x3055},
  {0x4EF2, 0x3538},
  {0x4EF3, 0x3751},
  {0x4EF5, 0x3754},
  {0x4EF6, 0x1B5D},
  {0x4EF7, 0x1B3A},
  {0x4EFB, 0x272D},
  {0x4EFD, 0x163C},
  {0x4EFF, 0x1621},
  {0x4F01, 0x2552},
  {0x4F09, 0x3757},
  {0x4F0A, 0x3120},
  {0x4F0D, 0x2D48},
  {0x4F0E, 0x1B1E},
  {0x4F0F, 0x165B},
  {0x4F10, 0x1604},
  {0x4F11, 0x2F3C},
  {0x4F17, 0x3539},
  {0x4F18, 0x3224},
  {0x4F19, 0x1A4E},
  {0x4F1A, 0x1A40},
  {0x4F1B, 0x3750},
  {0x4F1E, 0x2800},
  {0x4F1F, 0x2D0F},
  {0x4F20, 0x130A},
  {0x4F22, 0x3752},
  {0x4F24, 0x282A},
  {0x4F25, 0x3755},
  {0x4F26, 0x2136},
  {0x4F27, 0x3756},
  {0x4F2A, 0x2D10},
  {0x4F2B, 0x3758},
  {0x4F2F, 0x110D},
  {0x4F30, 0x181F},
  {0x4F32, 0x3802},
  {0x4F34, 0x0F48},
  {0x4F36, 0x2045},
  {0x4F38, 0x284B},
  {0x4F3A, 0x2A24},
  {0x4F3C, 0x2A25},
  {0x4F3D, 0x3803},
  {0x4F43, 0x1447},
  {0x4F46, 0x140A},
  {0x4F4D, 0x2D1A},
  {0x4F4E, 0x142C},
  {0x4F4F, 0x3600},
  {0x4F50, 0x3653},
  {0x4F51, 0x3232},
  {0x4F53, 0x2B44},
  {0x4F55, 0x192D},
  {0x4F57, 0x3801},
  {0x4F58, 0x383B},
  {0x4F59, 0x323F},
  {0x4F5A, 0x375C},
  {0x4F5B, 0x164F},
  {0x4F5C, 0x3656},
  {0x4F5D, 0x375D},
  {0x4F5E, 0x3759},
  {0x4F5F, 0x3800},
  {0x4F60, 0x2342},
  {0x4F63, 0x3215},
  {0x4F64, 0x3753},
  {0x4F65, 0x383C},
  {0x4F67, 0x375A},
  {0x4F69, 0x2444},
  {0x4F6C, 0x1F2F},
  {0x4F6F, 0x304F},
  {0x4F70, 0x0F3A},
  {0x4F73, 0x1B30},
  {0x4F74, 0x3805},
  {0x4F76, 0x3804},
  {0x4F7B, 0x380B},
  {0x4F7C, 0x380D},
  {0x4F7E, 0x380A},
  {0x4F7F, 0x2918},
  {0x4F83, 0x3808},
  {0x4F84, 0x3515},
  {0x4F88, 0x123D},
  {0x4F89, 0x3807},
  {0x4F8B, 0x1F5C},
  {0x4F8D, 0x292B},
  {0x4F8F, 0x3809},
  {0x4F91, 0x3806},
  {0x4F94, 0x380F},
  {0x4F97, 0x1510},
  {0x4F9B, 0x1808},
  {0x4F9D, 0x311F},
  {0x4FA0, 0x2E1F},
  {0x4FA3, 0x2121},
  {0x4FA5, 0x1C23},
  {0x4FA6, 0x344B},
  {0x4FA7, 0x113F},
  {0x4FA8, 0x2627},
  {0x4FA9, 0x1E4A},
  {0x4FAA, 0x380C},
  {0x4FAC, 0x380E},
  {0x4FAE, 0x2D49},
  {0x4FAF, 0x194D},
  {0x4FB5, 0x2635},
  {0x4FBF, 0x1042},
  {0x4FC3, 0x1338},
  {0x4FC4, 0x154C},
  {0x4FC5, 0x3813},
  {0x4FCA, 0x1E00},
  {0x4FCE, 0x383D},
  {0x4FCF, 0x262D},
  {0x4FD0, 0x1F5D},
  {0x4FD1, 0x3817},
  {0x4FD7, 0x2A36},
  {0x4FD8, 0x165C},
  {0x4FDA, 0x3814},
  {0x4FDC, 0x3816},
  {0x4FDD, 0x1002},
  {0x4FDE, 0x3240},
  {0x4FDF, 0x3818},
  {0x4FE1, 0x2F24},
  {0x4FE3, 0x3815},
  {0x4FE6, 0x3810},
  {0x4FE8, 0x3811},
  {0x4FE9, 0x2008},
  {0x4FEA, 0x3812},
  {0x4FED, 0x1B52},
  {0x4FEE, 0x2F3D},
  {0x4FEF, 0x1708},
  {0x4FF1, 0x1D42},
  {0x4FF3, 0x381C},
  {0x4FF8, 0x3819},
  {0x4FFA, 0x0F12},
  {0x4FFE, 0x3821},
  {0x500C, 0x3823},
  {0x500D, 0x1015},
  {0x500F, 0x381E},
  {0x5012, 0x1418},
  {0x5014, 0x1D52},
  {0x5018, 0x2B27},
  {0x5019, 0x1951},
  {0x501A, 0x312F},
  {0x501C, 0x3822},
  {0x501F, 0x1C47},
  {0x5021, 0x120A},
  {0x5025, 0x3824},
  {0x5026, 0x1D4A},
  {0x5028, 0x3825},
  {0x5029, 0x381A},
  {0x502A, 0x233E},
  {0x502C, 0x381D},
  {0x502D, 0x3820},
  {0x502E, 0x381F},
  {0x503A, 0x340D},
  {0x503C, 0x3514},
  {0x503E, 0x2642},
  {0x5043, 0x3827},
  {0x5047, 0x1B38},
  {0x5048, 0x3829},
  {0x504C, 0x381B},
  {0x504E, 0x382A},
  {0x504F, 0x250A},
  {0x5055, 0x3828},
  {0x505A, 0x3655},
  {0x505C, 0x2C02},
  {0x5065, 0x1C00},
  {0x506C, 0x382B},
  {0x5076, 0x241B},
  {0x5077, 0x2C14},
  {0x507B, 0x382C},
  {0x507E, 0x3826},
  {0x507F, 0x1204},
  {0x5080, 0x1E5D},
  {0x5085, 0x1714},
  {0x5088, 0x1F5B},
  {0x508D, 0x0F57},
  {0x50A3, 0x1355},
  {0x50A5, 0x382D},
  {0x50A7, 0x382E},
  {0x50A8, 0x1301},
  {0x50A9, 0x382F},
  {0x50AC, 0x133E},
  {0x50B2, 0x0F20},
  {0x50BA, 0x3830},
  {0x50BB, 0x2814},
  {0x50CF, 0x2E50},
  {0x50D6, 0x3831},
  {0x50DA, 0x2024},
  {0x50E6, 0x3835},
  {0x50E7, 0x280D},
  {0x50EC, 0x3834},
  {0x50ED, 0x3833},
  {0x50EE, 0x3836},
  {0x50F3, 0x2A3A},
  {0x50F5, 0x1C08},
  {0x50FB, 0x2506},
  {0x5106, 0x3832},
  {0x5107, 0x3837},
  {0x510B, 0x3838},
  {0x5112, 0x2744},
  {0x5121, 0x1F3B},
  {0x513F, 0x1558},
  {0x5140, 0x3702},
  {0x5141, 0x3329},
  {0x5143, 0x3309},
  {0x5144, 0x2F35},
  {0x5145, 0x1243},
  {0x5146, 0x3436},
  {0x5148, 0x2E27},
  {0x5149, 0x1841},
  {0x514B, 0x1E2A},
  {0x514D, 0x2241},
  {0x5151, 0x1531},
  {0x5154, 0x2C22},
  {0x5155, 0x384D},
  {0x5156, 0x384F},
  {0x515A, 0x1412},
  {0x515C, 0x1514},
  {0x5162, 0x1D03},
  {0x5165, 0x274A},
  {0x5168, 0x270A},
  {0x516B, 0x0F2A},
  {0x516C, 0x180A},
  {0x516D, 0x2058},
  {0x516E, 0x3841},
  {0x5170, 0x1F1B},
  {0x5171, 0x1811},
  {0x5173, 0x1837},
  {0x5174, 0x2F2A},
  {0x5175, 0x1057},
  {0x5176, 0x2543},
  {0x5177, 0x1D3E},
  {0x5178, 0x1443},
  {0x5179, 0x3627},
  {0x517B, 0x3057},
  {0x517C, 0x1B45},
  {0x517D, 0x293D},
  {0x5180, 0x1B1C},
  {0x5181, 0x3845},
  {0x5182, 0x3746},
  {0x5185, 0x2339},
  {0x5188, 0x1733},
  {0x5189, 0x271C},
  {0x518C, 0x1140},
  {0x518D, 0x3338},
  {0x5192, 0x220F},
  {0x5195, 0x2240},
  {0x5196, 0x3901},
  {0x5197, 0x273E},
  {0x5199, 0x2F13},
  {0x519B, 0x1D5B},
  {0x519C, 0x2408},
  {0x51A0, 0x1839},
  {0x51A2, 0x3902},
  {0x51A4, 0x3308},
  {0x51A5, 0x3903},
  {0x51AB, 0x385A},
  {0x51AC, 0x150B},
  {0x51AF, 0x164A},
  {0x51B0, 0x1058},
  {0x51B1, 0x385B},
  {0x51B2, 0x1244},
  {0x51B3, 0x1D55},
  {0x51B5, 0x1E55},
  {0x51B6, 0x3110},
  {0x51B7, 0x1F43},
  {0x51BB, 0x1512},
  {0x51BC, 0x385D},
  {0x51BD, 0x385C},
  {0x51C0, 0x1D1A},
  {0x51C4, 0x253F},
  {0x51C6, 0x361B},
  {0x51C7, 0x3900},
  {0x51C9, 0x2018},
  {0x51CB, 0x1451},
  {0x51CC, 0x2047},
  {0x51CF, 0x1B54},
  {0x51D1, 0x1334},
  {0x51DB, 0x203C},
  {0x51DD, 0x235C},
  {0x51E0, 0x1B17},
  {0x51E1, 0x1611},
  {0x51E4, 0x164E},
  {0x51EB, 0x384B},
  {0x51ED, 0x251D},
  {0x51EF, 0x1E0C},
  {0x51F0, 0x1A2A},
  {0x51F3, 0x1429},
  {0x51F5, 0x3A28},
  {0x51F6, 0x2F36},
  {0x51F8, 0x2C18},
  {0x51F9, 0x0F1B},
  {0x51FA, 0x1255},
  {0x51FB, 0x1A56},
  {0x51FC, 0x3A29},
  {0x51FD, 0x190E},
  {0x51FF, 0x3343},
  {0x5200, 0x1415},
  {0x5201, 0x1452},
  {0x5202, 0x3735},
  {0x5203, 0x272F},
  {0x5206, 0x1635},
  {0x5207, 0x262F},
  {0x5208, 0x3736},
  {0x520A, 0x1E0E},
  {0x520D, 0x3A1A},
  {0x520E, 0x3737},
  {0x5211, 0x2F2B},
  {0x5212, 0x1A0D},
  {0x5216, 0x4A1D},
  {0x5217, 0x202F},
  {0x5218, 0x2054},
  {0x5219, 0x3351},
  {0x521A, 0x1734},
  {0x521B, 0x1313},
  {0x521D, 0x1254},
  {0x5220, 0x281D},
  {0x5224, 0x242F},
  {0x5228, 0x2438},
  {0x5229, 0x1F5A},
  {0x522B, 0x104F},
  {0x522D, 0x3738},
  {0x522E, 0x182D},
  {0x5230, 0x141C},
  {0x5233, 0x3739},
  {0x5236, 0x3525},
  {0x5237, 0x2A01},
  {0x5238, 0x270E},
  {0x5239, 0x2811},
  {0x523A, 0x132B},
  {0x523B, 0x1E2B},
  {0x523D, 0x1853},
  {0x523F, 0x373A},
  {0x5240, 0x373B},
  {0x5241, 0x1546},
  {0x5242, 0x1B20},
  {0x5243, 0x2B49},
  {0x524A, 0x2E56},
  {0x524C, 0x373C},
  {0x524D, 0x260F},
  {0x5250, 0x182F},
  {0x5251, 0x1C02},
  {0x5254, 0x2B3D},
  {0x5256, 0x2529},
  {0x525C, 0x373F},
  {0x525E, 0x373D},
  {0x5261, 0x373E},
  {0x5265, 0x0F5D},
  {0x5267, 0x1D46},
  {0x5269, 0x2902},
  {0x526A, 0x1B53},
  {0x526F, 0x1710},
  {0x5272, 0x174D},
  {0x527D, 0x3741},
  {0x527F, 0x1C2A},
  {0x5281, 0x3743},
  {0x5282, 0x3742},
  {0x5288, 0x245B},
  {0x5290, 0x3744},
  {0x5293, 0x3745},
  {0x529B, 0x2005},
  {0x529D, 0x270F},
  {0x529E, 0x0F4B},
  {0x529F, 0x1805},
  {0x52A0, 0x1B32},
  {0x52A1, 0x2D50},
  {0x52A2, 0x3A1C},
  {0x52A3, 0x2032},
  {0x52A8, 0x150E},
  {0x52A9, 0x3559},
  {0x52AA, 0x240B},
  {0x52AB, 0x1C38},
  {0x52AC, 0x3A1D},
  {0x52AD, 0x3A1E},
  {0x52B1, 0x1F57},
  {0x52B2, 0x1D01},
  {0x52B3, 0x1F2C},
  {0x52BE, 0x3A1F},
  {0x52BF, 0x2925},
  {0x52C3, 0x1109},
  {0x52C7, 0x3221},
  {0x52C9, 0x2242},
  {0x52CB, 0x300A},
  {0x52D0, 0x3A21},
  {0x52D2, 0x1F34},
  {0x52D6, 0x3A22},
  {0x52D8, 0x1E10},
  {0x52DF, 0x231B},
  {0x52E4, 0x2639},
  {0x52F0, 0x3A23},
  {0x52F9, 0x3847},
  {0x52FA, 0x2836},
  {0x52FE, 0x1813},
  {0x52FF, 0x2D4F},
  {0x5300, 0x3327},
  {0x5305, 0x0F5B},
  {0x5306, 0x1331},
  {0x5308, 0x2F38},
  {0x530D, 0x3848},
  {0x530F, 0x3D2A},
  {0x5310, 0x384A},
  {0x5315, 0x370F},
  {0x5316, 0x1A0E},
  {0x5317, 0x1010},
  {0x5319, 0x1236},
  {0x531A, 0x372D},
  {0x531D, 0x3330},
  {0x5320, 0x1C12},
  {0x5321, 0x1E4E},
  {0x5323, 0x2E1A},
  {0x5326, 0x372F},
  {0x532A, 0x162A},
  {0x532E, 0x3730},
  {0x5339, 0x2504},
  {0x533A, 0x2657},
  {0x533B, 0x311C},
  {0x533E, 0x3731},
  {0x533F, 0x2343},
  {0x5341, 0x290D},
  {0x5343, 0x2606},
  {0x5345, 0x3705},
  {0x5347, 0x285C},
  {0x5348, 0x2D46},
  {0x5349, 0x1A3B},
  {0x534A, 0x0F4A},
  {0x534E, 0x1A09},
  {0x534F, 0x2F0C},
  {0x5351, 0x100F},
  {0x5352, 0x3643},
  {0x5353, 0x361E},
  {0x5355, 0x1404},
  {0x5356, 0x2153},
  {0x5357, 0x232E},
  {0x535A, 0x1108},
  {0x535C, 0x1116},
  {0x535E, 0x1044},
  {0x535F, 0x3E11},
  {0x5360, 0x341B},
  {0x5361, 0x1E07},
  {0x5362, 0x210B},
  {0x5363, 0x3734},
  {0x5364, 0x2110},
  {0x5366, 0x3733},
  {0x5367, 0x2D33},
  {0x5369, 0x393F},
  {0x536B, 0x2D1F},
  {0x536E, 0x3713},
  {0x536F, 0x220D},
  {0x5370, 0x3200},
  {0x5371, 0x2D02},
  {0x5373, 0x1B13},
  {0x5374, 0x2713},
  {0x5375, 0x2130},
  {0x5377, 0x1D4C},
  {0x5378, 0x2F15},
  {0x537A, 0x3940},
  {0x537F, 0x2643},
  {0x5382, 0x1206},
  {0x5384, 0x1551},
  {0x5385, 0x2B5B},
  {0x5386, 0x1F59},
  {0x5389, 0x1F56},
  {0x538B, 0x3018},
  {0x538C, 0x3040},
  {0x538D, 0x3726},
  {0x5395, 0x113D},
  {0x5398, 0x1F44},
  {0x539A, 0x1950},
  {0x539D, 0x3727},
  {0x539F, 0x330C},
  {0x53A2, 0x2E40},
  {0x53A3, 0x3728},
  {0x53A5, 0x3729},
  {0x53A6, 0x2E22},
  {0x53A8, 0x1257},
  {0x53A9, 0x1D26},
  {0x53AE, 0x372A},
  {0x53B6, 0x3A2B},
  {0x53BB, 0x2704},
  {0x53BF, 0x2E37},
  {0x53C1, 0x275D},
  {0x53C2, 0x112D},
  {0x53C8, 0x3235},
  {0x53C9, 0x1145},
  {0x53CA, 0x1B0F},
  {0x53CB, 0x3230},
  {0x53CC, 0x2A0A},
  {0x53CD, 0x1613},
  {0x53D1, 0x1601},
  {0x53D4, 0x2944},
  {0x53D6, 0x2700},
  {0x53D7, 0x293B},
  {0x53D8, 0x1043},
  {0x53D9, 0x2F4F},
  {0x53DB, 0x2430},
  {0x53DF, 0x3A24},
  {0x53E0, 0x145D},
  {0x53E3, 0x1E39},
  {0x53E4, 0x1824},
  {0x53E5, 0x1D43},
  {0x53E6, 0x204C},
  {0x53E8, 0x3E15},
  {0x53E9, 0x3E14},
  {0x53EA, 0x351A},
  {0x53EB, 0x1C2F},
  {0x53EC, 0x3438},
  {0x53ED, 0x0F27},
  {0x53EE, 0x1502},
  {0x53EF, 0x1E28},
  {0x53F0, 0x2B07},
  {0x53F1, 0x3E12},
  {0x53F2, 0x2916},
  {0x53F3, 0x3231},
  {0x53F5, 0x372E},
  {0x53F6, 0x3115},
  {0x53F7, 0x1924},
  {0x53F8, 0x2A1D},
  {0x53F9, 0x2B1D},
  {0x53FB, 0x3E16},
  {0x53FC, 0x144F},
  {0x53FD, 0x3E13},
  {0x5401, 0x3254},
  {0x5403, 0x1233},
  {0x5404, 0x1756},
  {0x5406, 0x3E19},
  {0x5408, 0x192E},
  {0x5409, 0x1B09},
  {0x540A, 0x1454},
  {0x540C, 0x2C0B},
  {0x540D, 0x225A},
  {0x540E, 0x1952},
  {0x540F, 0x1F53},
  {0x5410, 0x2C21},
  {0x5411, 0x2E51},
  {0x5412, 0x3E17},
  {0x5413, 0x2E24},
  {0x5415, 0x211F},
  {0x5416, 0x3E18},
  {0x5417, 0x214F},
  {0x541B, 0x1D5C},
  {0x541D, 0x203E},
  {0x541E, 0x2C2B},
  {0x541F, 0x3156},
  {0x5420, 0x162C},
  {0x5421, 0x3E20},
  {0x5423, 0x3E23},
  {0x5426, 0x1650},
  {0x5427, 0x0F28},
  {0x5428, 0x1535},
  {0x5429, 0x1633},
  {0x542B, 0x190B},
  {0x542C, 0x2B5C},
  {0x542D, 0x1E33},
  {0x542E, 0x2A10},
  {0x542F, 0x2553},
  {0x5431, 0x3507},
  {0x5432, 0x3E24},
  {0x5434, 0x2D41},
  {0x5435, 0x1212},
  {0x5438, 0x2D5B},
  {0x5439, 0x1314},
  {0x543B, 0x2D26},
  {0x543C, 0x194F},
  {0x543E, 0x2D40},
  {0x5440, 0x301C},
  {0x5443, 0x3E1F},
  {0x5446, 0x1353},
  {0x5448, 0x1229},
  {0x544A, 0x1745},
  {0x544B, 0x3E1A},
  {0x5450, 0x2324},
  {0x5452, 0x3E1B},
  {0x5453, 0x3E1C},
  {0x5454, 0x3E1D},
  {0x5455, 0x241A},
  {0x5456, 0x3E1E},
  {0x5457, 0x3E21},
  {0x5458, 0x3310},
  {0x5459, 0x3E22},
  {0x545B, 0x2619},
  {0x545C, 0x2D37},
  {0x5462, 0x2337},
  {0x5464, 0x3E29},
  {0x5466, 0x3E2E},
  {0x5468, 0x353B},
  {0x5471, 0x3E28},
  {0x5472, 0x3E39},
  {0x5473, 0x2D15},
  {0x5475, 0x1926},
  {0x5476, 0x3E2D},
  {0x5477, 0x3E27},
  {0x5478, 0x243D},
  {0x547B, 0x284A},
  {0x547C, 0x1953},
  {0x547D, 0x225B},
  {0x5480, 0x1D36},
  {0x5482, 0x3E25},
  {0x5484, 0x3E2C},
  {0x5486, 0x2437},
  {0x548B, 0x3405},
  {0x548C, 0x192C},
  {0x548E, 0x1D2B},
  {0x548F, 0x321C},
  {0x5490, 0x171F},
  {0x5492, 0x3543},
  {0x5494, 0x3E26},
  {0x5495, 0x181D},
  {0x5496, 0x1E06},
  {0x5499, 0x205B},
  {0x549A, 0x3E2A},
  {0x549B, 0x3E2B},
  {0x549D, 0x3E2F},
  {0x54A3, 0x3E3A},
  {0x54A4, 0x3E44},
  {0x54A6, 0x3E36},
  {0x54A7, 0x3E35},
  {0x54A8, 0x3628},
  {0x54A9, 0x3E42},
  {0x54AA, 0x3E43},
  {0x54AB, 0x444A},
  {0x54AC, 0x3106},
  {0x54AD, 0x3E31},
  {0x54AF, 0x1E08},
  {0x54B1, 0x333A},
  {0x54B3, 0x1E27},
  {0x54B4, 0x3E33},
  {0x54B8, 0x2E2B},
  {0x54BB, 0x3E3C},
  {0x54BD, 0x3029},
  {0x54BF, 0x3E3D},
  {0x54C0, 0x0F06},
  {0x54C1, 0x2516},
  {0x54C2, 0x3E32},
  {0x54C4, 0x1944},
  {0x54C6, 0x153E},
  {0x54C7, 0x2C3A},
  {0x54C8, 0x185D},
  {0x54C9, 0x3334},
  {0x54CC, 0x3E3E},
  {0x54CD, 0x2E4B},
  {0x54CE, 0x0F04},
  {0x54CF, 0x3E46},
  {0x54D0, 0x3E30},
  {0x54D1, 0x3025},
  {0x54D2, 0x3E34},
  {0x54D3, 0x3E37},
  {0x54D4, 0x3E38},
  {0x54D5, 0x3E3B},
  {0x54D7, 0x1A08},
  {0x54D9, 0x3E3F},
  {0x54DA, 0x3E40},
  {0x54DC, 0x3E41},
  {0x54DD, 0x3E45},
  {0x54DE, 0x3E47},
  {0x54DF, 0x3213},
  {0x54E5, 0x1746},
  {0x54E6, 0x2415},
  {0x54E7, 0x3E49},
  {0x54E8, 0x2839},
  {0x54E9, 0x2007},
  {0x54EA, 0x2323},
  {0x54ED, 0x1E3D},
  {0x54EE, 0x2E57},
  {0x54F2, 0x343B},
  {0x54F3, 0x3E4D},
  {0x54FA, 0x1117},
  {0x54FC, 0x193E},
  {0x54FD, 0x3E4B},
  {0x54FF, 0x3A20},
  {0x5501, 0x3043},
  {0x5506, 0x2A53},
  {0x5507, 0x131C},
  {0x5509, 0x0F05},
  {0x550F, 0x3E50},
  {0x5510, 0x2B25},
  {0x5511, 0x3E51},
  {0x5514, 0x3E4C},
  {0x551B, 0x3E48},
  {0x5520, 0x3E4A},
  {0x5522, 0x3E4E},
  {0x5523, 0x3E4F},
  {0x5524, 0x1A1C},
  {0x5527, 0x3E52},
  {0x552A, 0x3E53},
  {0x552C, 0x1A02},
  {0x552E, 0x293A},
  {0x552F, 0x2D07},
  {0x5530, 0x3F06},
  {0x5531, 0x1209},
  {0x5533, 0x3F05},
  {0x5537, 0x3F00},
  {0x553C, 0x3E5D},
  {0x553E, 0x2C38},
  {0x553F, 0x3E5B},
  {0x5541, 0x3E59},
  {0x5543, 0x1E2F},
  {0x5544, 0x3623},
  {0x5546, 0x282B},
  {0x5549, 0x3E57},
  {0x554A, 0x0F00},
  {0x5550, 0x3E5C},
  {0x5555, 0x3E5A},
  {0x5556, 0x3F01},
  {0x555C, 0x3F07},
  {0x5561, 0x1627},
  {0x5564, 0x2500},
  {0x5565, 0x2815},
  {0x5566, 0x1F11},
  {0x5567, 0x3E54},
  {0x556A, 0x241D},
  {0x556C, 0x3723},
  {0x556D, 0x3E58},
  {0x556E, 0x2355},
  {0x5575, 0x3F02},
  {0x5576, 0x3F03},
  {0x5577, 0x3F04},
  {0x5578, 0x2F04},
  {0x557B, 0x3F13},
  {0x557C, 0x2B43},
  {0x557E, 0x3F10},
  {0x5580, 0x1E05},
  {0x5581, 0x3F0E},
  {0x5582, 0x2D18},
  {0x5583, 0x3F0A},
  {0x5584, 0x2825},
  {0x5587, 0x1F0D},
  {0x5588, 0x3F0D},
  {0x5589, 0x194C},
  {0x558A, 0x190F},
  {0x558B, 0x3F08},
  {0x558F, 0x3E55},
  {0x5591, 0x3F12},
  {0x5594, 0x3F17},
  {0x5598, 0x130C},
  {0x5599, 0x3F18},
  {0x559C, 0x2E11},
  {0x559D, 0x1927},
  {0x559F, 0x3F0F},
  {0x55A7, 0x2F59},
  {0x55B1, 0x3F0B},
  {0x55B3, 0x335A},
  {0x55B5, 0x3E56},
  {0x55B7, 0x2446},
  {0x55B9, 0x3F0C},
  {0x55BB, 0x3256},
  {0x55BD, 0x3F15},
  {0x55BE, 0x3F16},
  {0x55C4, 0x3F23},
  {0x55C5, 0x2F40},
  {0x55C9, 0x3F1B},
  {0x55CC, 0x3F28},
  {0x55CD, 0x3F29},
  {0x55D1, 0x3F1D},
  {0x55D2, 0x3F09},
  {0x55D3, 0x2803},
  {0x55D4, 0x3F20},
  {0x55D6, 0x3F11},
  {0x55DC, 0x2927},
  {0x55DD, 0x3F22},
  {0x55DF, 0x3F14},
  {0x55E1, 0x2D2A},
  {0x55E3, 0x2A22},
  {0x55E4, 0x3F2C},
  {0x55E5, 0x3F25},
  {0x55E6, 0x3F21},
  {0x55E8, 0x3F2A},
  {0x55EA, 0x3F19},
  {0x55EB, 0x3F1E},
  {0x55EC, 0x3F1F},
  {0x55EF, 0x3F24},
  {0x55F2, 0x3F26},
  {0x55F3, 0x3F27},
  {0x55F5, 0x3F2B},
  {0x55F7, 0x3F1A},
  {0x55FD, 0x2A33},
  {0x55FE, 0x3F34},
  {0x5600, 0x3F35},
  {0x5601, 0x3F31},
  {0x5608, 0x3F2F},
  {0x5609, 0x1B2D},
  {0x560C, 0x3F30},
  {0x560E, 0x1721},
  {0x560F, 0x3724},
  {0x5618, 0x2F49},
  {0x561B, 0x214E},
  {0x561E, 0x3F2E},
  {0x561F, 0x3F1C},
  {0x5623, 0x3F33},
  {0x5624, 0x3F32},
  {0x5627, 0x3F36},
  {0x562C, 0x3F3B},
  {0x562D, 0x3F37},
  {0x5631, 0x3555},
  {0x5632, 0x120F},
  {0x5634, 0x364B},
  {0x5636, 0x2A1A},
  {0x5639, 0x3F39},
  {0x563B, 0x2D5A},
  {0x563F, 0x1938},
  {0x564C, 0x3F40},
  {0x564D, 0x3F3C},
  {0x564E, 0x310C},
  {0x5654, 0x3F41},
  {0x5657, 0x3F3A},
  {0x5658, 0x3F38},
  {0x5659, 0x3F3E},
  {0x565C, 0x3F3F},
  {0x5662, 0x3F3D},
  {0x5664, 0x3F43},
  {0x5668, 0x2556},
  {0x5669, 0x370B},
  {0x566A, 0x334A},
  {0x566B, 0x3F45},
  {0x566C, 0x2928},
  {0x5671, 0x3F44},
  {0x5676, 0x1720},
  {0x567B, 0x3F46},
  {0x567C, 0x3F47},
  {0x5685, 0x3F48},
  {0x5686, 0x3F42},
  {0x568E, 0x191E},
  {0x568F, 0x2B46},
  {0x5693, 0x3F49},
  {0x56A3, 0x2E58},
  {0x56AF, 0x3F4A},
  {0x56B7, 0x2721},
  {0x56BC, 0x1C1F},
  {0x56CA, 0x2331},
  {0x56D4, 0x3F4B},
  {0x56D7, 0x3F4C},
  {0x56DA, 0x2653},
  {0x56DB, 0x2A23},
  {0x56DD, 0x3F4D},
  {0x56DE, 0x1A37},
  {0x56DF, 0x3715},
  {0x56E0, 0x3151},
  {0x56E1, 0x3F4E},
  {0x56E2, 0x2C24},
  {0x56E4, 0x1539},
  {0x56EB, 0x3F50},
  {0x56ED, 0x330F},
  {0x56F0, 0x1F06},
  {0x56F1, 0x1330},
  {0x56F4, 0x2D06},
  {0x56F5, 0x3F4F},
  {0x56F9, 0x3F51},
  {0x56FA, 0x182B},
  {0x56FD, 0x1859},
  {0x56FE, 0x2C1B},
  {0x56FF, 0x3F52},
  {0x5703, 0x2533},
  {0x5704, 0x3F53},
  {0x5706, 0x3311},
  {0x5708, 0x2705},
  {0x5709, 0x3F55},
  {0x570A, 0x3F54},
  {0x571C, 0x3F56},
  {0x571F, 0x2C20},
  {0x5723, 0x2904},
  {0x5728, 0x3339},
  {0x5729, 0x3A36},
  {0x572A, 0x3A38},
  {0x572C, 0x3A37},
  {0x572D, 0x1846},
  {0x572E, 0x3A3B},
  {0x572F, 0x3A3C},
  {0x5730, 0x1437},
  {0x5733, 0x3A39},
  {0x5739, 0x3A3A},
  {0x573A, 0x1200},
  {0x573B, 0x3A3E},
  {0x573E, 0x1A57},
  {0x5740, 0x3516},
  {0x5742, 0x3A3F},
  {0x5747, 0x1D58},
  {0x574A, 0x161A},
  {0x574C, 0x3A2F},
  {0x574D, 0x2B0D},
  {0x574E, 0x1E11},
  {0x574F, 0x1A14},
  {0x5750, 0x3657},
  {0x5751, 0x1E32},
  {0x5757, 0x1E48},
  {0x575A, 0x1B40},
  {0x575B, 0x2B12},
  {0x575C, 0x3A3D},
  {0x575D, 0x0F32},
  {0x575E, 0x2D4A},
  {0x575F, 0x1637},
  {0x5760, 0x3618},
  {0x5761, 0x2521},
  {0x5764, 0x1F03},
  {0x5766, 0x2B18},
  {0x5768, 0x3A46},
  {0x5769, 0x3A40},
  {0x576A, 0x2519},
  {0x576B, 0x3A42},
  {0x576D, 0x3A47},
  {0x576F, 0x2456},
  {0x5773, 0x3A49},
  {0x5776, 0x3A48},
  {0x5777, 0x1E1F},
  {0x577B, 0x3A45},
  {0x577C, 0x3A44},
  {0x5782, 0x1318},
  {0x5783, 0x1F0B},
  {0x5784, 0x2101},
  {0x5785, 0x3A41},
  {0x5786, 0x3A43},
  {0x578B, 0x2F2C},
  {0x578C, 0x3A4C},
  {0x5792, 0x1F3C},
  {0x5793, 0x3A51},
  {0x579B, 0x1541},
  {0x57A0, 0x3A52},
  {0x57A1, 0x3A31},
  {0x57A2, 0x1817},
  {0x57A3, 0x330A},
  {0x57A4, 0x3A4B},
  {0x57A6, 0x1E30},
  {0x57A7, 0x3A4F},
  {0x57A9, 0x3A30},
  {0x57AB, 0x1445},
  {0x57AD, 0x3A4A},
  {0x57AE, 0x1E44},
  {0x57B2, 0x3A4D},
  {0x57B4, 0x3A50},
  {0x57B8, 0x3A58},
  {0x57C2, 0x1800},
  {0x57C3, 0x0F02},
  {0x57CB, 0x2150},
  {0x57CE, 0x1226},
  {0x57CF, 0x3A4E},
  {0x57D2, 0x3A57},
  {0x57D4, 0x2531},
  {0x57D5, 0x3A53},
  {0x57D8, 0x3A54},
  {0x57D9, 0x3A56},
  {0x57DA, 0x3A55},
  {0x57DD, 0x3A5D},
  {0x57DF, 0x3251},
  {0x57E0, 0x1119},
  {0x57E4, 0x3A5C},
  {0x57ED, 0x3B03},
  {0x57EF, 0x3A5A},
  {0x57F4, 0x3A59},
  {0x57F8, 0x3A5B},
  {0x57F9, 0x243F},
  {0x57FA, 0x1A58},
  {0x57FD, 0x3B02},
  {0x5800, 0x3B04},
  {0x5802, 0x2B22},
  {0x5806, 0x1530},
  {0x5807, 0x3C1F},
  {0x580B, 0x3B00},
  {0x580D, 0x3B01},
  {0x5811, 0x2614},
  {0x5815, 0x1548},
  {0x5819, 0x3B06},
  {0x581E, 0x3B05},
  {0x5820, 0x3B08},
  {0x5821, 0x1003},
  {0x5824, 0x142B},
  {0x582A, 0x1E0F},
  {0x5830, 0x303E},
  {0x5835, 0x1521},
  {0x5844, 0x3B07},
  {0x584C, 0x2A59},
  {0x584D, 0x4A52},
  {0x5851, 0x2A3B},
  {0x5854, 0x2A5D},
  {0x5858, 0x2B20},
  {0x585E, 0x275A},
  {0x5865, 0x3B09},
  {0x586B, 0x2B4D},
  {0x586C, 0x3B0A},
  {0x587E, 0x3A32},
  {0x5880, 0x3B0E},
  {0x5881, 0x3B0B},
  {0x5883, 0x1D12},
  {0x5885, 0x295A},
  {0x5889, 0x3B0C},
  {0x5892, 0x2829},
  {0x5893, 0x2318},
  {0x5899, 0x261C},
  {0x589A, 0x3B0D},
  {0x589E, 0x3355},
  {0x589F, 0x2F45},
  {0x58A8, 0x230A},
  {0x58A9, 0x1534},
  {0x58BC, 0x3A33},
  {0x58C1, 0x1039},
  {0x58C5, 0x3A34},
  {0x58D1, 0x3A35},
  {0x58D5, 0x191D},
  {0x58E4, 0x271F},
  {0x58EB, 0x291E},
  {0x58EC, 0x2728},
  {0x58EE, 0x3612},
  {0x58F0, 0x2858},
  {0x58F3, 0x1E26},
  {0x58F6, 0x1957},
  {0x58F9, 0x311B},
  {0x5902, 0x4119},
  {0x5904, 0x1305},
  {0x5907, 0x1017},
  {0x590D, 0x1713},
  {0x590F, 0x2E23},
  {0x5914, 0x3846},
  {0x5915, 0x2E05},
  {0x5916, 0x2C41},
  {0x5919, 0x384C},
  {0x591A, 0x153F},
  {0x591C, 0x3118},
  {0x591F, 0x181A},
  {0x5924, 0x4118},
  {0x5925, 0x4116},
  {0x5927, 0x1352},
  {0x5929, 0x2B4B},
  {0x592A, 0x2B0A},
  {0x592B, 0x1651},
  {0x592D, 0x3711},
  {0x592E, 0x304A},
  {0x592F, 0x191A},
  {0x5931, 0x2906},
  {0x5934, 0x2C16},
  {0x5937, 0x3123},
  {0x5938, 0x1E43},
  {0x5939, 0x1B2F},
  {0x593A, 0x1540},
  {0x593C, 0x3D24},
  {0x5941, 0x3D25},
  {0x5942, 0x3A1B},
  {0x5944, 0x3038},
  {0x5947, 0x2545},
  {0x5948, 0x232D},
  {0x5949, 0x164D},
  {0x594B, 0x163B},
  {0x594E, 0x1E5B},
  {0x594F, 0x363F},
  {0x5951, 0x2554},
  {0x5954, 0x101B},
  {0x5955, 0x3D27},
  {0x5956, 0x1C10},
  {0x5957, 0x2B36},
  {0x5958, 0x3D29},
  {0x595A, 0x3D28},
  {0x5960, 0x144B},
  {0x5962, 0x283C},
  {0x5965, 0x0F21},
  {0x5973, 0x240D},
  {0x5974, 0x240A},
  {0x5976, 0x232B},
  {0x5978, 0x1B48},
  {0x5979, 0x2A5C},
  {0x597D, 0x1922},
  {0x5981, 0x4458},
  {0x5982, 0x2746},
  {0x5983, 0x4459},
  {0x5984, 0x2C5C},
  {0x5986, 0x3610},
  {0x5987, 0x171D},
  {0x5988, 0x2147},
  {0x598A, 0x2730},
  {0x598D, 0x445A},
  {0x5992, 0x1529},
  {0x5993, 0x1B2A},
  {0x5996, 0x305C},
  {0x5997, 0x4500},
  {0x5999, 0x224D},
  {0x599E, 0x4503},
  {0x59A3, 0x445D},
  {0x59A4, 0x4504},
  {0x59A5, 0x2C36},
  {0x59A8, 0x1620},
  {0x59A9, 0x445B},
  {0x59AA, 0x445C},
  {0x59AB, 0x4502},
  {0x59AE, 0x233C},
  {0x59AF, 0x4507},
  {0x59B2, 0x4506},
  {0x59B9, 0x2222},
  {0x59BB, 0x253D},
  {0x59BE, 0x4509},
  {0x59C6, 0x2316},
  {0x59CA, 0x4501},
  {0x59CB, 0x291B},
  {0x59D0, 0x1C42},
  {0x59D1, 0x1822},
  {0x59D2, 0x4505},
  {0x59D3, 0x2F34},
  {0x59D4, 0x2D0E},
  {0x59D7, 0x4508},
  {0x59D8, 0x450F},
  {0x59DA, 0x3105},
  {0x59DC, 0x1C09},
  {0x59DD, 0x450C},
  {0x59E3, 0x450E},
  {0x59E5, 0x1F30},
  {0x59E8, 0x312B},
  {0x59EC, 0x1B06},
  {0x59F9, 0x4510},
  {0x59FB, 0x3155},
  {0x59FF, 0x362A},
  {0x5A01, 0x2C5D},
  {0x5A03, 0x2C3D},
  {0x5A04, 0x2105},
  {0x5A05, 0x450A},
  {0x5A06, 0x450B},
  {0x5A07, 0x1C1E},
  {0x5A08, 0x450D},
  {0x5A09, 0x4512},
  {0x5A0C, 0x4511},
  {0x5A11, 0x4515},
  {0x5A13, 0x4517},
  {0x5A18, 0x234E},
  {0x5A1C, 0x2327},
  {0x5A1F, 0x1D49},
  {0x5A20, 0x284E},
  {0x5A23, 0x4516},
  {0x5A25, 0x154F},
  {0x5A29, 0x2243},
  {0x5A31, 0x3248},
  {0x5A32, 0x4513},
  {0x5A34, 0x4514},
  {0x5A36, 0x2701},
  {0x5A3C, 0x451C},
  {0x5A40, 0x4518},
  {0x5A46, 0x2524},
  {0x5A49, 0x2C50},
  {0x5A4A, 0x451A},
  {0x5A55, 0x451B},
  {0x5A5A, 0x1A48},
  {0x5A62, 0x451D},
  {0x5A67, 0x4519},
  {0x5A6A, 0x1F16},
  {0x5A74, 0x3203},
  {0x5A75, 0x451E},
  {0x5A76, 0x2853},
  {0x5A77, 0x4522},
  {0x5A7A, 0x4523},
  {0x5A7F, 0x2F55},
  {0x5A92, 0x221C},
  {0x5A9A, 0x2223},
  {0x5A9B, 0x4521},
  {0x5AAA, 0x4520},
  {0x5AB2, 0x4526},
  {0x5AB3, 0x2E10},
  {0x5AB5, 0x4A53},
  {0x5AB8, 0x4529},
  {0x5ABE, 0x4524},
  {0x5AC1, 0x1B3D},
  {0x5AC2, 0x2808},
  {0x5AC9, 0x1B14},
  {0x5ACC, 0x2E32},
  {0x5AD2, 0x4527},
  {0x5AD4, 0x4528},
  {0x5AD6, 0x452D},
  {0x5AD8, 0x452F},
  {0x5ADC, 0x4530},
  {0x5AE0, 0x452A},
  {0x5AE1, 0x1434},
  {0x5AE3, 0x452B},
  {0x5AE6, 0x452E},
  {0x5AE9, 0x233A},
  {0x5AEB, 0x4525},
  {0x5AF1, 0x452C},
  {0x5B09, 0x4531},
  {0x5B16, 0x4533},
  {0x5B17, 0x4532},
  {0x5B32, 0x4534},
  {0x5B34, 0x3857},
  {0x5B37, 0x4535},
  {0x5B40, 0x4536},
  {0x5B50, 0x3632},
  {0x5B51, 0x453C},
  {0x5B53, 0x453D},
  {0x5B54, 0x1E36},
  {0x5B55, 0x332F},
  {0x5B57, 0x3635},
  {0x5B58, 0x1345},
  {0x5B59, 0x2A4E},
  {0x5B5A, 0x4539},
  {0x5B5B, 0x3722},
  {0x5B5C, 0x362D},
  {0x5B5D, 0x2F01},
  {0x5B5F, 0x222E},
  {0x5B62, 0x453E},
  {0x5B63, 0x1B1D},
  {0x5B64, 0x1821},
  {0x5B65, 0x453A},
  {0x5B66, 0x3006},
  {0x5B69, 0x1901},
  {0x5B6A, 0x212E},
  {0x5B6C, 0x370A},
  {0x5B70, 0x294A},
  {0x5B71, 0x444D},
  {0x5B73, 0x453B},
  {0x5B75, 0x1654},
  {0x5B7A, 0x2745},
  {0x5B7D, 0x2354},
  {0x5B80, 0x4411},
  {0x5B81, 0x235D},
  {0x5B83, 0x2A5B},
  {0x5B84, 0x4412},
  {0x5B85, 0x340B},
  {0x5B87, 0x324D},
  {0x5B88, 0x2937},
  {0x5B89, 0x0F11},
  {0x5B8B, 0x2A2D},
  {0x5B8C, 0x2C49},
  {0x5B8F, 0x1949},
  {0x5B93, 0x4414},
  {0x5B95, 0x4413},
  {0x5B97, 0x3639},
  {0x5B98, 0x1838},
  {0x5B99, 0x3545},
  {0x5B9A, 0x1507},
  {0x5B9B, 0x2C4F},
  {0x5B9C, 0x312A},
  {0x5B9D, 0x1005},
  {0x5B9E, 0x2914},
  {0x5BA0, 0x1247},
  {0x5BA1, 0x2852},
  {0x5BA2, 0x1E2C},
  {0x5BA3, 0x2F5A},
  {0x5BA4, 0x2931},
  {0x5BA5, 0x4415},
  {0x5BA6, 0x1A21},
  {0x5BAA, 0x2E3B},
  {0x5BAB, 0x180B},
  {0x5BB0, 0x3336},
  {0x5BB3, 0x1905},
  {0x5BB4, 0x3046},
  {0x5BB5, 0x2E5B},
  {0x5BB6, 0x1B31},
  {0x5BB8, 0x4416},
  {0x5BB9, 0x273C},
  {0x5BBD, 0x1E4C},
  {0x5BBE, 0x1055},
  {0x5BBF, 0x2A3D},
  {0x5BC2, 0x1B24},
  {0x5BC4, 0x1B23},
  {0x5BC5, 0x3159},
  {0x5BC6, 0x223B},
  {0x5BC7, 0x1E3B},
  {0x5BCC, 0x171A},
  {0x5BD0, 0x2221},
  {0x5BD2, 0x190D},
  {0x5BD3, 0x3301},
  {0x5BDD, 0x263D},
  {0x5BDE, 0x230E},
  {0x5BDF, 0x114B},
  {0x5BE1, 0x1830},
  {0x5BE4, 0x441A},
  {0x5BE5, 0x2027},
  {0x5BE8, 0x340E},
  {0x5BEE, 0x441B},
  {0x5BF0, 0x441D},
  {0x5BF8, 0x1346},
  {0x5BF9, 0x1533},
  {0x5BFA, 0x2A21},
  {0x5BFB, 0x300F},
  {0x5BFC, 0x141B},
  {0x5BFF, 0x2938},
  {0x5C01, 0x1641},
  {0x5C04, 0x2843},
  {0x5C06, 0x1C0A},
  {0x5C09, 0x2D1D},
  {0x5C0A, 0x364F},
  {0x5C0F, 0x2F00},
  {0x5C11, 0x2838},
  {0x5C14, 0x155A},
  {0x5C15, 0x4537},
  {0x5C16, 0x1B41},
  {0x5C18, 0x121D},
  {0x5C1A, 0x282F},
  {0x5C1C, 0x4538},
  {0x5C1D, 0x1201},
  {0x5C22, 0x3D2B},
  {0x5C24, 0x3227},
  {0x5C25, 0x3D2C},
  {0x5C27, 0x3101},
  {0x5C2C, 0x3D2D},
  {0x5C31, 0x1D2C},
  {0x5C34, 0x3D2E},
  {0x5C38, 0x290B},
  {0x5C39, 0x315B},
  {0x5C3A, 0x123E},
  {0x5C3B, 0x4449},
  {0x5C3C, 0x2340},
  {0x5C3D, 0x1D00},
  {0x5C3E, 0x2D11},
  {0x5C3F, 0x2351},
  {0x5C40, 0x1D35},
  {0x5C41, 0x2507},
  {0x5C42, 0x1142},
  {0x5C45, 0x1D32},
  {0x5C48, 0x265B},
  {0x5C49, 0x2B4A},
  {0x5C4A, 0x1C4B},
  {0x5C4B, 0x2D3C},
  {0x5C4E, 0x2919},
  {0x5C4F, 0x2520},
  {0x5C50, 0x444B},
  {0x5C51, 0x2F1B},
  {0x5C55, 0x3418},
  {0x5C59, 0x444C},
  {0x5C5E, 0x2953},
  {0x5C60, 0x2C1F},
  {0x5C61, 0x2124},
  {0x5C63, 0x444E},
  {0x5C65, 0x2123},
  {0x5C66, 0x444F},
  {0x5C6E, 0x4457},
  {0x5C6F, 0x2C2C},
  {0x5C71, 0x281C},
  {0x5C79, 0x3138},
  {0x5C7A, 0x4007},
  {0x5C7F, 0x324B},
  {0x5C81, 0x2A49},
  {0x5C82, 0x2550},
  {0x5C88, 0x400B},
  {0x5C8C, 0x4006},
  {0x5C8D, 0x4008},
  {0x5C90, 0x4009},
  {0x5C91, 0x400E},
  {0x5C94, 0x114C},
  {0x5C96, 0x400A},
  {0x5C97, 0x1739},
  {0x5C98, 0x400C},
  {0x5C99, 0x400D},
  {0x5C9A, 0x400F},
  {0x5C9B, 0x1419},
  {0x5C9C, 0x4010},
  {0x5CA2, 0x4012},
  {0x5CA3, 0x4017},
  {0x5CA9, 0x3031},
  {0x5CAB, 0x4015},
  {0x5CAC, 0x4014},
  {0x5CAD, 0x204A},
  {0x5CB1, 0x4016},
  {0x5CB3, 0x331F},
  {0x5CB5, 0x4011},
  {0x5CB7, 0x4019},
  {0x5CB8, 0x0F15},
  {0x5CBD, 0x4013},
  {0x5CBF, 0x1E58},
  {0x5CC1, 0x4018},
  {0x5CC4, 0x401A},
  {0x5CCB, 0x401D},
  {0x5CD2, 0x401B},
  {0x5CD9, 0x3524},
  {0x5CE1, 0x2E1E},
  {0x5CE4, 0x401C},
  {0x5CE5, 0x401E},
  {0x5CE6, 0x212C},
  {0x5CE8, 0x154A},
  {0x5CEA, 0x3257},
  {0x5CED, 0x262C},
  {0x5CF0, 0x1644},
  {0x5CFB, 0x1D5D},
  {0x5D02, 0x401F},
  {0x5D03, 0x4020},
  {0x5D06, 0x4026},
  {0x5D07, 0x1246},
  {0x5D0E, 0x2548},
  {0x5D14, 0x133D},
  {0x5D16, 0x3021},
  {0x5D1B, 0x4027},
  {0x5D1E, 0x4025},
  {0x5D24, 0x4024},
  {0x5D26, 0x4022},
  {0x5D27, 0x4021},
  {0x5D29, 0x101F},
  {0x5D2D, 0x3417},
  {0x5D2E, 0x4023},
  {0x5D34, 0x402A},
  {0x5D3D, 0x402B},
  {0x5D3E, 0x4029},
  {0x5D47, 0x4E59},
  {0x5D4A, 0x4032},
  {0x5D4B, 0x4031},
  {0x5D4C, 0x2615},
  {0x5D58, 0x4028},
  {0x5D5B, 0x402D},
  {0x5D5D, 0x402F},
  {0x5D69, 0x4033},
  {0x5D6B, 0x4030},
  {0x5D6C, 0x402C},
  {0x5D6F, 0x402E},
  {0x5D74, 0x4034},
  {0x5D82, 0x4035},
  {0x5D99, 0x4036},
  {0x5D9D, 0x4037},
  {0x5DB7, 0x4039},
  {0x5DC5, 0x403A},
  {0x5DCD, 0x2D00},
  {0x5DDB, 0x463C},
  {0x5DDD, 0x1307},
  {0x5DDE, 0x353C},
  {0x5DE1, 0x3011},
  {0x5DE2, 0x1211},
  {0x5DE5, 0x1803},
  {0x5DE6, 0x3652},
  {0x5DE7, 0x2628},
  {0x5DE8, 0x1D3D},
  {0x5DE9, 0x180D},
  {0x5DEB, 0x2D36},
  {0x5DEE, 0x114D},
  {0x5DEF, 0x3A2E},
  {0x5DF1, 0x1B19},
  {0x5DF2, 0x3130},
  {0x5DF3, 0x2A27},
  {0x5DF4, 0x0F2C},
  {0x5DF7, 0x2E4E},
  {0x5DFD, 0x3842},
  {0x5DFE, 0x1C4C},
  {0x5E01, 0x1031},
  {0x5E02, 0x292F},
  {0x5E03, 0x111B},
  {0x5E05, 0x2A06},
  {0x5E06, 0x160A},
  {0x5E08, 0x2905},
  {0x5E0C, 0x2E02},
  {0x5E0F, 0x3F57},
  {0x5E10, 0x3429},
  {0x5E11, 0x3F5A},
  {0x5E14, 0x3F59},
  {0x5E15, 0x2420},
  {0x5E16, 0x2B5A},
  {0x5E18, 0x2010},
  {0x5E19, 0x3F58},
  {0x5E1A, 0x3542},
  {0x5E1B, 0x110E},
  {0x5E1C, 0x3523},
  {0x5E1D, 0x143A},
  {0x5E26, 0x1357},
  {0x5E27, 0x3500},
  {0x5E2D, 0x2E0E},
  {0x5E2E, 0x0F4E},
  {0x5E31, 0x3F5B},
  {0x5E37, 0x4000},
  {0x5E38, 0x1202},
  {0x5E3B, 0x3F5C},
  {0x5E3C, 0x3F5D},
  {0x5E3D, 0x2210},
  {0x5E42, 0x223C},
  {0x5E44, 0x4001},
  {0x5E45, 0x1658},
  {0x5E4C, 0x1A2E},
  {0x5E54, 0x4002},
  {0x5E55, 0x231A},
  {0x5E5B, 0x4003},
  {0x5E5E, 0x4004},
  {0x5E61, 0x4005},
  {0x5E62, 0x1310},
  {0x5E72, 0x1728},
  {0x5E73, 0x251C},
  {0x5E74, 0x2349},
  {0x5E76, 0x1101},
  {0x5E78, 0x2F31},
  {0x5E7A, 0x463A},
  {0x5E7B, 0x1A22},
  {0x5E7C, 0x3236},
  {0x5E7D, 0x3223},
  {0x5E7F, 0x1842},
  {0x5E80, 0x412E},
  {0x5E84, 0x360E},
  {0x5E86, 0x264B},
  {0x5E87, 0x1032},
  {0x5E8A, 0x1311},
  {0x5E8B, 0x4130},
  {0x5E8F, 0x2F51},
  {0x5E90, 0x210D},
  {0x5E91, 0x412F},
  {0x5E93, 0x1E41},
  {0x5E94, 0x3205},
  {0x5E95, 0x1436},
  {0x5E96, 0x4131},
  {0x5E97, 0x1449},
  {0x5E99, 0x224C},
  {0x5E9A, 0x175C},
  {0x5E9C, 0x170D},
  {0x5E9E, 0x2432},
  {0x5E9F, 0x162E},
  {0x5EA0, 0x4133},
  {0x5EA5, 0x4132},
  {0x5EA6, 0x1527},
  {0x5EA7, 0x3658},
  {0x5EAD, 0x2C04},
  {0x5EB3, 0x4137},
  {0x5EB5, 0x4135},
  {0x5EB6, 0x295B},
  {0x5EB7, 0x1E14},
  {0x5EB8, 0x3218},
  {0x5EB9, 0x4134},
  {0x5EBE, 0x4136},
  {0x5EC9, 0x200D},
  {0x5ECA, 0x1F27},
  {0x5ED1, 0x413A},
  {0x5ED2, 0x4139},
  {0x5ED3, 0x1F09},
  {0x5ED6, 0x202D},
  {0x5EDB, 0x413B},
  {0x5EE8, 0x413C},
  {0x5EEA, 0x413D},
  {0x5EF4, 0x3A27},
  {0x5EF6, 0x3032},
  {0x5EF7, 0x2C01},
  {0x5EFA, 0x1C07},
  {0x5EFE, 0x3D22},
  {0x5EFF, 0x3704},
  {0x5F00, 0x1E09},
  {0x5F01, 0x3A2C},
  {0x5F02, 0x314B},
  {0x5F03, 0x2559},
  {0x5F04, 0x2409},
  {0x5F08, 0x3D23},
  {0x5F0A, 0x1036},
  {0x5F0B, 0x3E0D},
  {0x5F0F, 0x291C},
  {0x5F11, 0x3E10},
  {0x5F13, 0x180C},
  {0x5F15, 0x315C},
  {0x5F17, 0x1704},
  {0x5F18, 0x194A},
  {0x5F1B, 0x1239},
  {0x5F1F, 0x143B},
  {0x5F20, 0x3424},
  {0x5F25, 0x2235},
  {0x5F26, 0x2E31},
  {0x5F27, 0x1A00},
  {0x5F29, 0x4452},
  {0x5F2A, 0x4451},
  {0x5F2D, 0x4453},
  {0x5F2F, 0x2C43},
  {0x5F31, 0x2754},
  {0x5F39, 0x140E},
  {0x5F3A, 0x261E},
  {0x5F3C, 0x4455},
  {0x5F40, 0x4B0F},
  {0x5F50, 0x4445},
  {0x5F52, 0x1848},
  {0x5F53, 0x1410},
  {0x5F55, 0x211B},
  {0x5F56, 0x4447},
  {0x5F57, 0x4446},
  {0x5F58, 0x4448},
  {0x5F5D, 0x312C},
  {0x5F61, 0x4049},
  {0x5F62, 0x2F2D},
  {0x5F64, 0x2C0D},
  {0x5F66, 0x3044},
  {0x5F69, 0x1129},
  {0x5F6A, 0x104A},
  {0x5F6C, 0x1051},
  {0x5F6D, 0x244C},
  {0x5F70, 0x3422},
  {0x5F71, 0x320F},
  {0x5F73, 0x403B},
  {0x5F77, 0x403C},
  {0x5F79, 0x313A},
  {0x5F7B, 0x1218},
  {0x5F7C, 0x102A},
  {0x5F80, 0x2C58},
  {0x5F81, 0x3456},
  {0x5F82, 0x403D},
  {0x5F84, 0x1D15},
  {0x5F85, 0x135C},
  {0x5F87, 0x403E},
  {0x5F88, 0x193B},
  {0x5F89, 0x403F},
  {0x5F8A, 0x1A11},
  {0x5F8B, 0x2128},
  {0x5F8C, 0x4040},
  {0x5F90, 0x2F4B},
  {0x5F92, 0x2C1C},
  {0x5F95, 0x4041},
  {0x5F97, 0x1422},
  {0x5F98, 0x2426},
  {0x5F99, 0x4042},
  {0x5F9C, 0x4043},
  {0x5FA1, 0x3258},
  {0x5FA8, 0x4044},
  {0x5FAA, 0x300C},
  {0x5FAD, 0x4045},
  {0x5FAE, 0x2D01},
  {0x5FB5, 0x4046},
  {0x5FB7, 0x1421},
  {0x5FBC, 0x4047},
  {0x5FBD, 0x1A34},
  {0x5FC3, 0x2F23},
  {0x5FC4, 0x413F},
  {0x5FC5, 0x1037},
  {0x5FC6, 0x3143},
  {0x5FC9, 0x4140},
  {0x5FCC, 0x1B28},
  {0x5FCD, 0x272B},
  {0x5FCF, 0x4142},
  {0x5FD0, 0x4B5D},
  {0x5FD1, 0x4B5C},
  {0x5FD2, 0x3E0E},
  {0x5FD6, 0x4141},
  {0x5FD7, 0x351D},
  {0x5FD8, 0x2C5B},
  {0x5FD9, 0x2205},
  {0x5FDD, 0x4222},
  {0x5FE0, 0x3531},
  {0x5FE1, 0x4146},
  {0x5FE4, 0x4147},
  {0x5FE7, 0x3226},
  {0x5FEA, 0x414B},
  {0x5FEB, 0x1E4B},
  {0x5FED, 0x414C},
  {0x5FEE, 0x4144},
  {0x5FF1, 0x121F},
  {0x5FF5, 0x234D},
  {0x5FF8, 0x414D},
  {0x5FFB, 0x2F22},
  {0x5FFD, 0x1955},
  {0x5FFE, 0x4148},
  {0x5FFF, 0x163D},
  {0x6000, 0x1A12},
  {0x6001, 0x2B0B},
  {0x6002, 0x2A2A},
  {0x6003, 0x4143},
  {0x6004, 0x4145},
  {0x6005, 0x4149},
  {0x6006, 0x414A},
  {0x600A, 0x4156},
  {0x600D, 0x4153},
  {0x600E, 0x3354},
  {0x600F, 0x4152},
  {0x6012, 0x240C},
  {0x6014, 0x3459},
  {0x6015, 0x2421},
  {0x6016, 0x111F},
  {0x6019, 0x414E},
  {0x601B, 0x4151},
  {0x601C, 0x200E},
  {0x601D, 0x2A1B},
  {0x6020, 0x1400},
  {0x6021, 0x4158},
  {0x6025, 0x1B10},
  {0x6026, 0x4150},
  {0x6027, 0x2F33},
  {0x6028, 0x3318},
  {0x6029, 0x4154},
  {0x602A, 0x1835},
  {0x602B, 0x4155},
  {0x602F, 0x2632},
  {0x6035, 0x414F},
  {0x603B, 0x363B},
  {0x603C, 0x4C00},
  {0x603F, 0x4157},
  {0x6041, 0x4C04},
  {0x6042, 0x415D},
  {0x6043, 0x2930},
  {0x604B, 0x2014},
  {0x604D, 0x1A2F},
  {0x6050, 0x1E35},
  {0x6052, 0x1942},
  {0x6055, 0x2A00},
  {0x6059, 0x4C05},
  {0x605A, 0x4C02},
  {0x605D, 0x4C01},
  {0x6062, 0x1A35},
  {0x6063, 0x4C06},
  {0x6064, 0x2F53},
  {0x6067, 0x4C03},
  {0x6068, 0x193D},
  {0x6069, 0x1556},
  {0x606A, 0x4200},
  {0x606B, 0x1511},
  {0x606C, 0x2B50},
  {0x606D, 0x1806},
  {0x606F, 0x2E01},
  {0x6070, 0x2600},
  {0x6073, 0x1E31},
  {0x6076, 0x1550},
  {0x6078, 0x4159},
  {0x6079, 0x415A},
  {0x607A, 0x415C},
  {0x607B, 0x415B},
  {0x607C, 0x2334},
  {0x607D, 0x4201},
  {0x607F, 0x3220},
  {0x6083, 0x4206},
  {0x6084, 0x2623},
  {0x6089, 0x2E03},
  {0x608C, 0x4208},
  {0x608D, 0x1916},
  {0x6092, 0x4207},
  {0x6094, 0x1A39},
  {0x6096, 0x4202},
  {0x609A, 0x4203},
  {0x609B, 0x4209},
  {0x609D, 0x4205},
  {0x609F, 0x2D51},
  {0x60A0, 0x3225},
  {0x60A3, 0x1A1B},
  {0x60A6, 0x3322},
  {0x60A8, 0x2359},
  {0x60AB, 0x4C07},
  {0x60AC, 0x2F5B},
  {0x60AD, 0x4204},
  {0x60AF, 0x2254},
  {0x60B1, 0x420C},
  {0x60B2, 0x100E},
  {0x60B4, 0x4211},
  {0x60B8, 0x1B21},
  {0x60BB, 0x420B},
  {0x60BC, 0x141E},
  {0x60C5, 0x2648},
  {0x60C6, 0x420F},
  {0x60CA, 0x1D09},
  {0x60CB, 0x2C4E},
  {0x60D1, 0x1A52},
  {0x60D5, 0x2B47},
  {0x60D8, 0x420E},
  {0x60DA, 0x4210},
  {0x60DC, 0x2E06},
  {0x60DD, 0x420D},
  {0x60DF, 0x2D08},
  {0x60E0, 0x1A3C},
  {0x60E6, 0x144A},
  {0x60E7, 0x1D44},
  {0x60E8, 0x1131},
  {0x60E9, 0x122C},
  {0x60EB, 0x1018},
  {0x60EC, 0x420A},
  {0x60ED, 0x1130},
  {0x60EE, 0x140B},
  {0x60EF, 0x183E},
  {0x60F0, 0x1547},
  {0x60F3, 0x2E4A},
  {0x60F4, 0x4216},
  {0x60F6, 0x1A2B},
  {0x60F9, 0x2726},
  {0x60FA, 0x2F29},
  {0x6100, 0x4217},
  {0x6101, 0x124D},
  {0x6106, 0x4C08},
  {0x6108, 0x3259},
  {0x6109, 0x3243},
  {0x610D, 0x4C09},
  {0x610E, 0x4218},
  {0x610F, 0x3141},
  {0x6115, 0x4214},
  {0x611A, 0x323D},
  {0x611F, 0x172F},
  {0x6120, 0x4212},
  {0x6123, 0x4215},
  {0x6124, 0x163E},
  {0x6126, 0x4213},
  {0x6127, 0x1F01},
  {0x612B, 0x4219},
  {0x613F, 0x3317},
  {0x6148, 0x1327},
  {0x614A, 0x421A},
  {0x614C, 0x1A24},
  {0x614E, 0x2856},
  {0x6151, 0x2844},
  {0x6155, 0x231C},
  {0x615D, 0x4C0A},
  {0x6162, 0x215C},
  {0x6167, 0x1A3A},
  {0x6168, 0x1E0D},
  {0x6170, 0x2D1E},
  {0x6175, 0x421B},
  {0x6177, 0x1E15},
  {0x618B, 0x104E},
  {0x618E, 0x3356},
  {0x6194, 0x421D},
  {0x619D, 0x4C0C},
  {0x61A7, 0x421E},
  {0x61A8, 0x1908},
  {0x61A9, 0x4C0B},
  {0x61AC, 0x421C},
  {0x61B7, 0x421F},
  {0x61BE, 0x1915},
  {0x61C2, 0x150D},
  {0x61C8, 0x2F17},
  {0x61CA, 0x0F22},
  {0x61CB, 0x4C0D},
  {0x61D1, 0x4C0E},
  {0x61D2, 0x1F20},
  {0x61D4, 0x4220},
  {0x61E6, 0x2412},
  {0x61F5, 0x4221},
  {0x61FF, 0x3B11},
  {0x6206, 0x4C0F},
  {0x6208, 0x1749},
  {0x620A, 0x2D4B},
  {0x620B, 0x4906},
  {0x620C, 0x2F46},
  {0x620D, 0x2958},
  {0x620E, 0x2735},
  {0x620F, 0x2E16},
  {0x6210, 0x1228},
  {0x6211, 0x2D31},
  {0x6212, 0x1C43},
  {0x6215, 0x423D},
  {0x6216, 0x1A51},
  {0x6217, 0x4907},
  {0x6218, 0x341C},
  {0x621A, 0x253C},
  {0x621B, 0x4908},
  {0x621F, 0x4909},
  {0x6221, 0x490B},
  {0x6222, 0x490A},
  {0x6224, 0x490D},
  {0x6225, 0x490C},
  {0x622A, 0x1C37},
  {0x622C, 0x490E},
  {0x622E, 0x211D},
  {0x6233, 0x1320},
  {0x6234, 0x1356},
  {0x6237, 0x1A06},
  {0x623D, 0x4B45},
  {0x623E, 0x4B44},
  {0x623F, 0x161E},
  {0x6240, 0x2A58},
  {0x6241, 0x1041},
  {0x6243, 0x4B46},
  {0x6247, 0x2827},
  {0x6248, 0x4B47},
  {0x6249, 0x4B48},
  {0x624B, 0x2935},
  {0x624C, 0x3D2F},
  {0x624D, 0x1124},
  {0x624E, 0x3359},
  {0x6251, 0x252A},
  {0x6252, 0x0F26},
  {0x6253, 0x1351},
  {0x6254, 0x2732},
  {0x6258, 0x2C2F},
  {0x625B, 0x1E17},
  {0x6263, 0x1E3A},
  {0x6266, 0x2603},
  {0x6267, 0x3513},
  {0x6269, 0x1F08},
  {0x626A, 0x3D30},
  {0x626B, 0x2807},
  {0x626C, 0x304E},
  {0x626D, 0x2403},
  {0x626E, 0x0F46},
  {0x626F, 0x1215},
  {0x6270, 0x2724},
  {0x6273, 0x0F41},
  {0x6276, 0x1655},
  {0x6279, 0x2459},
  {0x627C, 0x1552},
  {0x627E, 0x3431},
  {0x627F, 0x122F},
  {0x6280, 0x1B1B},
  {0x6284, 0x120C},
  {0x6289, 0x1D50},
  {0x628A, 0x0F30},
  {0x6291, 0x3135},
  {0x6292, 0x2942},
  {0x6293, 0x3604},
  {0x6295, 0x2C15},
  {0x6296, 0x1515},
  {0x6297, 0x1E18},
  {0x6298, 0x343A},
  {0x629A, 0x1706},
  {0x629B, 0x2436},
  {0x629F, 0x3D31},
  {0x62A0, 0x1E38},
  {0x62A1, 0x2134},
  {0x62A2, 0x261F},
  {0x62A4, 0x1A03},
  {0x62A5, 0x1007},
  {0x62A8, 0x2449},
  {0x62AB, 0x245A},
  {0x62AC, 0x2B06},
  {0x62B1, 0x1006},
  {0x62B5, 0x1435},
  {0x62B9, 0x2307},
  {0x62BB, 0x3D32},
  {0x62BC, 0x3019},
  {0x62BD, 0x1248},
  {0x62BF, 0x2251},
  {0x62C2, 0x1656},
  {0x62C4, 0x3553},
  {0x62C5, 0x1402},
  {0x62C6, 0x114F},
  {0x62C7, 0x2313},
  {0x62C8, 0x2348},
  {0x62C9, 0x1F0C},
  {0x62CA, 0x3D33},
  {0x62CC, 0x0F47},
  {0x62CD, 0x2423},
  {0x62CE, 0x203F},
  {0x62D0, 0x1834},
  {0x62D2, 0x1D3B},
  {0x62D3, 0x2C37},
  {0x62D4, 0x0F2D},
  {0x62D6, 0x2C2E},
  {0x62D7, 0x3D35},
  {0x62D8, 0x1D2F},
  {0x62D9, 0x361D},
  {0x62DA, 0x3D34},
  {0x62DB, 0x342F},
  {0x62DC, 0x0F3C},
  {0x62DF, 0x2341},
  {0x62E2, 0x2102},
  {0x62E3, 0x1B4F},
  {0x62E5, 0x3214},
  {0x62E6, 0x1F18},
  {0x62E7, 0x2400},
  {0x62E8, 0x1105},
  {0x62E9, 0x3350},
  {0x62EC, 0x1F07},
  {0x62ED, 0x2922},
  {0x62EE, 0x3D36},
  {0x62EF, 0x345B},
  {0x62F1, 0x180F},
  {0x62F3, 0x270C},
  {0x62F4, 0x2A08},
  {0x62F6, 0x3D38},
  {0x62F7, 0x1E1C},
  {0x62FC, 0x2513},
  {0x62FD, 0x3606},
  {0x62FE, 0x290F},
  {0x62FF, 0x2322},
  {0x6301, 0x1235},
  {0x6302, 0x1831},
  {0x6307, 0x3517},
  {0x6308, 0x495B},
  {0x6309, 0x0F13},
  {0x630E, 0x1E45},
  {0x6311, 0x2B53},
  {0x6316, 0x2C39},
  {0x631A, 0x351E},
  {0x631B, 0x212D},
  {0x631D, 0x2D2D},
  {0x631E, 0x2B01},
  {0x631F, 0x2F0D},
  {0x6320, 0x2332},
  {0x6321, 0x1411},
  {0x6322, 0x3D37},
  {0x6323, 0x3454},
  {0x6324, 0x1B16},
  {0x6325, 0x1A32},
  {0x6328, 0x0F03},
  {0x632A, 0x2411},
  {0x632B, 0x134B},
  {0x632F, 0x3450},
  {0x6332, 0x495C},
  {0x6339, 0x3D39},
  {0x633A, 0x2C05},
  {0x633D, 0x2C4B},
  {0x6342, 0x2D45},
  {0x6343, 0x3D3B},
  {0x6345, 0x2C10},
  {0x6346, 0x1F05},
  {0x6349, 0x361C},
  {0x634B, 0x3D3A},
  {0x634C, 0x0F25},
  {0x634D, 0x1913},
  {0x634E, 0x2832},
  {0x634F, 0x2352},
  {0x6350, 0x1D47},
  {0x6355, 0x1115},
  {0x635E, 0x1F2B},
  {0x635F, 0x2A4F},
  {0x6361, 0x1B50},
  {0x6362, 0x1A1A},
  {0x6363, 0x1416},
  {0x6367, 0x2454},
  {0x6369, 0x3D45},
  {0x636D, 0x3D42},
  {0x636E, 0x1D3C},
  {0x6371, 0x3D3E},
  {0x6376, 0x1316},
  {0x6377, 0x1C3C},
  {0x637A, 0x3D3F},
  {0x637B, 0x234C},
  {0x6380, 0x2E25},
  {0x6382, 0x143F},
  {0x6387, 0x153D},
  {0x6388, 0x2939},
  {0x6389, 0x1453},
  {0x638A, 0x3D44},
  {0x638C, 0x3425},
  {0x638E, 0x3D40},
  {0x638F, 0x2B2C},
  {0x6390, 0x255D},
  {0x6392, 0x2424},
  {0x6396, 0x3113},
  {0x6398, 0x1D51},
  {0x63A0, 0x2132},
  {0x63A2, 0x2B1C},
  {0x63A3, 0x1217},
  {0x63A5, 0x1C32},
  {0x63A7, 0x1E37},
  {0x63A8, 0x2C25},
  {0x63A9, 0x3039},
  {0x63AA, 0x134A},
  {0x63AC, 0x3D43},
  {0x63AD, 0x3D3C},
  {0x63AE, 0x3D46},
  {0x63B0, 0x495D},
  {0x63B3, 0x210F},
  {0x63B4, 0x3D41},
  {0x63B7, 0x351F},
  {0x63B8, 0x1406},
  {0x63BA, 0x1153},
  {0x63BC, 0x3D47},
  {0x63BE, 0x3D51},
  {0x63C4, 0x3D4C},
  {0x63C6, 0x3D50},
  {0x63C9, 0x273F},
  {0x63CD, 0x3640},
  {0x63CE, 0x3D4E},
  {0x63CF, 0x2247},
  {0x63D0, 0x2B40},
  {0x63D2, 0x1144},
  {0x63D6, 0x311D},
  {0x63DE, 0x3D4D},
  {0x63E0, 0x3D4A},
  {0x63E1, 0x2D34},
  {0x63E3, 0x1306},
  {0x63E9, 0x1E0A},
  {0x63EA, 0x1D1D},
  {0x63ED, 0x1C31},
  {0x63F2, 0x3D48},
  {0x63F4, 0x330D},
  {0x63F6, 0x3D3D},
  {0x63F8, 0x3D49},
  {0x63FD, 0x1F1E},
  {0x63FF, 0x3D4B},
  {0x6400, 0x1152},
  {0x6401, 0x1748},
  {0x6402, 0x2106},
  {0x6405, 0x1C20},
  {0x640B, 0x3D54},
  {0x640C, 0x3D57},
  {0x640F, 0x110A},
  {0x6410, 0x1303},
  {0x6413, 0x1349},
  {0x6414, 0x2805},
  {0x641B, 0x3D55},
  {0x641C, 0x2A30},
  {0x641E, 0x1742},
  {0x6420, 0x3D56},
  {0x6421, 0x3D59},
  {0x6426, 0x3D58},
  {0x642A, 0x2B21},
  {0x642C, 0x0F40},
  {0x642D, 0x134D},
  {0x6434, 0x4419},
  {0x643A, 0x2F0E},
  {0x643D, 0x114A},
  {0x643F, 0x4A00},
  {0x6441, 0x3D53},
  {0x6444, 0x2842},
  {0x6445, 0x3D52},
  {0x6446, 0x0F39},
  {0x6447, 0x3100},
  {0x6448, 0x1056},
  {0x644A, 0x2B0E},
  {0x6452, 0x3D4F},
  {0x6454, 0x2A03},
  {0x6458, 0x3409},
  {0x645E, 0x3D5A},
  {0x6467, 0x133C},
  {0x6469, 0x2305},
  {0x646D, 0x3D5C},
  {0x6478, 0x225D},
  {0x6479, 0x2300},
  {0x647A, 0x3E00},
  {0x6482, 0x202B},
  {0x6484, 0x3D5B},
  {0x6485, 0x1D4E},
  {0x6487, 0x2511},
  {0x6491, 0x1224},
  {0x6492, 0x2755},
  {0x6495, 0x2A19},
  {0x6496, 0x3D5D},
  {0x6499, 0x3E03},
  {0x649E, 0x3611},
  {0x64A4, 0x1216},
  {0x64A9, 0x2022},
  {0x64AC, 0x262A},
  {0x64AD, 0x1104},
  {0x64AE, 0x1348},
  {0x64B0, 0x360A},
  {0x64B5, 0x234B},
  {0x64B7, 0x3E01},
  {0x64B8, 0x3E02},
  {0x64BA, 0x3E04},
  {0x64BC, 0x1912},
  {0x64C0, 0x3E05},
  {0x64C2, 0x1F3D},
  {0x64C5, 0x2822},
  {0x64CD, 0x1138},
  {0x64CE, 0x2645},
  {0x64D0, 0x3E06},
  {0x64D2, 0x263B},
  {0x64D7, 0x3E07},
  {0x64D8, 0x4A01},
  {0x64DE, 0x2A32},
  {0x64E2, 0x3E09},
  {0x64E4, 0x3E08},
  {0x64E6, 0x1120},
  {0x6500, 0x2429},
  {0x6509, 0x3E0A},
  {0x6512, 0x333B},
  {0x6518, 0x2720},
  {0x6525, 0x3E0B},
  {0x652B, 0x1D4F},
  {0x652E, 0x3E0C},
  {0x652F, 0x3506},
  {0x6534, 0x4916},
  {0x6535, 0x4A15},
  {0x6536, 0x2934},
  {0x6538, 0x375B},
  {0x6539, 0x1723},
  {0x653B, 0x1804},
  {0x653E, 0x1624},
  {0x653F, 0x345D},
  {0x6545, 0x1829},
  {0x6548, 0x2F06},
  {0x6549, 0x532C},
  {0x654C, 0x142F},
  {0x654F, 0x2253},
  {0x6551, 0x1D27},
  {0x6555, 0x4A16},
  {0x6556, 0x0F1C},
  {0x6559, 0x1C2B},
  {0x655B, 0x2011},
  {0x655D, 0x1035},
  {0x655E, 0x1207},
  {0x6562, 0x1731},
  {0x6563, 0x2801},
  {0x6566, 0x1537},
  {0x656B, 0x4A17},
  {0x656C, 0x1D13},
  {0x6570, 0x295C},
  {0x6572, 0x2622},
  {0x6574, 0x345A},
  {0x6577, 0x1652},
  {0x6587, 0x2D23},
  {0x658B, 0x340A},
  {0x658C, 0x1052},
  {0x6590, 0x4B12},
  {0x6591, 0x0F3E},
  {0x6593, 0x4B14},
  {0x6597, 0x1516},
  {0x6599, 0x202E},
  {0x659B, 0x5459},
  {0x659C, 0x2F10},
  {0x659F, 0x3444},
  {0x65A1, 0x2D32},
  {0x65A4, 0x1C4E},
  {0x65A5, 0x1241},
  {0x65A7, 0x170A},
  {0x65A9, 0x3415},
  {0x65AB, 0x4C1C},
  {0x65AD, 0x152E},
  {0x65AF, 0x2A18},
  {0x65B0, 0x2F21},
  {0x65B9, 0x161C},
  {0x65BC, 0x4B15},
  {0x65BD, 0x2908},
  {0x65C1, 0x2433},
  {0x65C3, 0x4B18},
  {0x65C4, 0x4B17},
  {0x65C5, 0x2122},
  {0x65C6, 0x4B16},
  {0x65CB, 0x2F5C},
  {0x65CC, 0x4B19},
  {0x65CE, 0x4B1A},
  {0x65CF, 0x3644},
  {0x65D2, 0x4B1B},
  {0x65D6, 0x4B1C},
  {0x65D7, 0x254B},
  {0x65E0, 0x2D3D},
  {0x65E2, 0x1B27},
  {0x65E5, 0x2734},
  {0x65E6, 0x1408},
  {0x65E7, 0x1D28},
  {0x65E8, 0x351B},
  {0x65E9, 0x3346},
  {0x65EC, 0x300D},
  {0x65ED, 0x2F50},
  {0x65EE, 0x4917},
  {0x65EF, 0x4918},
  {0x65F0, 0x4919},
  {0x65F1, 0x1914},
  {0x65F6, 0x2910},
  {0x65F7, 0x1E54},
  {0x65FA, 0x2C59},
  {0x6600, 0x491F},
  {0x6602, 0x0F19},
  {0x6603, 0x491D},
  {0x6606, 0x1F04},
  {0x660A, 0x491A},
  {0x660C, 0x115C},
  {0x660E, 0x2256},
  {0x660F, 0x1A47},
  {0x6613, 0x3136},
  {0x6614, 0x2D53},
  {0x6615, 0x491E},
  {0x6619, 0x491B},
  {0x661D, 0x4922},
  {0x661F, 0x2F26},
  {0x6620, 0x3212},
  {0x6625, 0x1319},
  {0x6627, 0x2220},
  {0x6628, 0x3651},
  {0x662D, 0x3430},
  {0x662F, 0x2926},
  {0x6631, 0x4924},
  {0x6634, 0x4923},
  {0x6635, 0x4926},
  {0x6636, 0x4925},
  {0x663C, 0x3546},
  {0x663E, 0x2E33},
  {0x6641, 0x492A},
  {0x6643, 0x1A2D},
  {0x664B, 0x1C59},
  {0x664C, 0x282D},
  {0x664F, 0x492B},
  {0x6652, 0x2818},
  {0x6653, 0x2E5D},
  {0x6654, 0x4929},
  {0x6655, 0x332D},
  {0x6656, 0x492C},
  {0x6657, 0x492E},
  {0x665A, 0x2C4C},
  {0x665F, 0x4928},
  {0x6661, 0x492D},
  {0x6664, 0x2D4D},
  {0x6666, 0x1A3D},
  {0x6668, 0x121E},
  {0x666E, 0x2534},
  {0x666F, 0x1D0F},
  {0x6670, 0x2D59},
  {0x6674, 0x2646},
  {0x6676, 0x1D06},
  {0x6677, 0x492F},
  {0x667A, 0x3526},
  {0x667E, 0x201F},
  {0x6682, 0x333C},
  {0x6684, 0x4930},
  {0x6687, 0x2E1D},
  {0x668C, 0x4931},
  {0x6691, 0x294D},
  {0x6696, 0x240E},
  {0x6697, 0x0F14},
  {0x669D, 0x4933},
  {0x66A7, 0x4932},
  {0x66A8, 0x533E},
  {0x66AE, 0x2319},
  {0x66B4, 0x1008},
  {0x66B9, 0x443E},
  {0x66BE, 0x4934},
  {0x66D9, 0x294E},
  {0x66DB, 0x4935},
  {0x66DC, 0x4936},
  {0x66DD, 0x2537},
  {0x66E6, 0x4937},
  {0x66E9, 0x4938},
  {0x66F0, 0x331A},
  {0x66F2, 0x2659},
  {0x66F3, 0x3116},
  {0x66F4, 0x175B},
  {0x66F7, 0x4921},
  {0x66F9, 0x113B},
  {0x66FC, 0x215B},
  {0x66FE, 0x3357},
  {0x66FF, 0x2B45},
  {0x6700, 0x364D},
  {0x6708, 0x3321},
  {0x6709, 0x322F},
  {0x670A, 0x4A22},
  {0x670B, 0x2452},
  {0x670D, 0x165D},
  {0x6710, 0x4A33},
  {0x6714, 0x2A16},
  {0x6715, 0x4A3D},
  {0x6717, 0x1F29},
  {0x671B, 0x2C5A},
  {0x671D, 0x120E},
  {0x671F, 0x2539},
  {0x6726, 0x4A5B},
  {0x6728, 0x231D},
  {0x672A, 0x2D13},
  {0x672B, 0x2308},
  {0x672C, 0x101D},
  {0x672D, 0x335C},
  {0x672F, 0x2954},
  {0x6731, 0x354B},
  {0x6734, 0x2532},
  {0x6735, 0x1543},
  {0x673A, 0x1A59},
  {0x673D, 0x2F3F},
  {0x6740, 0x2810},
  {0x6742, 0x3332},
  {0x6743, 0x2707},
  {0x6746, 0x172A},
  {0x6748, 0x471D},
  {0x6749, 0x281B},
  {0x674C, 0x471A},
  {0x674E, 0x1F4D},
  {0x674F, 0x2F32},
  {0x6750, 0x1123},
  {0x6751, 0x1344},
  {0x6753, 0x471B},
  {0x6756, 0x3427},
  {0x675C, 0x1524},
  {0x675E, 0x471C},
  {0x675F, 0x2957},
  {0x6760, 0x173B},
  {0x6761, 0x2B54},
  {0x6765, 0x1F13},
  {0x6768, 0x304D},
  {0x6769, 0x471E},
  {0x676A, 0x4721},
  {0x676D, 0x191B},
  {0x676F, 0x100C},
  {0x6770, 0x1C3B},
  {0x6772, 0x491C},
  {0x6773, 0x4722},
  {0x6775, 0x4725},
  {0x6777, 0x472A},
  {0x677C, 0x472B},
  {0x677E, 0x2A28},
  {0x677F, 0x0F44},
  {0x6781, 0x1B0A},
  {0x6784, 0x1818},
  {0x6787, 0x4720},
  {0x6789, 0x2C56},
  {0x678B, 0x4729},
  {0x6790, 0x2D55},
  {0x6795, 0x344C},
  {0x6797, 0x2035},
  {0x6798, 0x4723},
  {0x679A, 0x2215},
  {0x679C, 0x185A},
  {0x679D, 0x3505},
  {0x679E, 0x4727},
  {0x67A2, 0x293F},
  {0x67A3, 0x3345},
  {0x67A5, 0x471F},
  {0x67A7, 0x4724},
  {0x67A8, 0x4726},
  {0x67AA, 0x2618},
  {0x67AB, 0x1642},
  {0x67AD, 0x4728},
  {0x67AF, 0x1E3C},
  {0x67B0, 0x4731},
  {0x67B3, 0x4736},
  {0x67B5, 0x4734},
  {0x67B6, 0x1B3B},
  {0x67B7, 0x1B2E},
  {0x67B8, 0x473A},
  {0x67C1, 0x473D},
  {0x67C3, 0x4739},
  {0x67C4, 0x1059},
  {0x67CF, 0x0F37},
  {0x67D0, 0x2312},
  {0x67D1, 0x172B},
  {0x67D2, 0x2541},
  {0x67D3, 0x271D},
  {0x67D4, 0x2740},
  {0x67D8, 0x472E},
  {0x67D9, 0x4733},
  {0x67DA, 0x4735},
  {0x67DC, 0x1850},
  {0x67DD, 0x4737},
  {0x67DE, 0x3654},
  {0x67E0, 0x235A},
  {0x67E2, 0x473B},
  {0x67E5, 0x1148},
  {0x67E9, 0x4730},
  {0x67EC, 0x1B4C},
  {0x67EF, 0x1E21},
  {0x67F0, 0x472C},
  {0x67F1, 0x3558},
  {0x67F3, 0x2057},
  {0x67F4, 0x1150},
  {0x67FD, 0x473E},
  {0x67FF, 0x2920},
  {0x6800, 0x4738},
  {0x6805, 0x3403},
  {0x6807, 0x1049},
  {0x6808, 0x341A},
  {0x6809, 0x472D},
  {0x680A, 0x472F},
  {0x680B, 0x150F},
  {0x680C, 0x4732},
  {0x680E, 0x473C},
  {0x680F, 0x1F17},
  {0x6811, 0x2956},
  {0x6813, 0x2A07},
  {0x6816, 0x253B},
  {0x6817, 0x1F54},
  {0x681D, 0x4748},
  {0x6821, 0x2F02},
  {0x6829, 0x4751},
  {0x682A, 0x3549},
  {0x6832, 0x473F},
  {0x6833, 0x4740},
  {0x6837, 0x3058},
  {0x6838, 0x192A},
  {0x6839, 0x1758},
  {0x683C, 0x1750},
  {0x683D, 0x3333},
  {0x683E, 0x474E},
  {0x6840, 0x474D},
  {0x6841, 0x474B},
  {0x6842, 0x184F},
  {0x6843, 0x2B31},
  {0x6844, 0x4745},
  {0x6845, 0x2D05},
  {0x6846, 0x1E51},
  {0x6848, 0x0F17},
  {0x6849, 0x4750},
  {0x684A, 0x474F},
  {0x684C, 0x361F},
  {0x684E, 0x4743},
  {0x6850, 0x2C08},
  {0x6851, 0x2802},
  {0x6853, 0x1A17},
  {0x6854, 0x1C3A},
  {0x6855, 0x4749},
  {0x6860, 0x4741},
  {0x6861, 0x4742},
  {0x6862, 0x4744},
  {0x6863, 0x1414},
  {0x6864, 0x4746},
  {0x6865, 0x2624},
  {0x6866, 0x474A},
  {0x6867, 0x474C},
  {0x6868, 0x1C0F},
  {0x6869, 0x360D},
  {0x686B, 0x4757},
  {0x6874, 0x4754},
  {0x6876, 0x2C0F},
  {0x6877, 0x4755},
  {0x6881, 0x2019},
  {0x6883, 0x4747},
  {0x6885, 0x2216},
  {0x6886, 0x0F4F},
  {0x688F, 0x4753},
  {0x6893, 0x4756},
  {0x6897, 0x1802},
  {0x68A2, 0x2831},
  {0x68A6, 0x222D},
  {0x68A7, 0x2D3F},
  {0x68A8, 0x1F45},
  {0x68AD, 0x2A52},
  {0x68AF, 0x2B3C},
  {0x68B0, 0x2F14},
  {0x68B3, 0x2940},
  {0x68B5, 0x4752},
  {0x68C0, 0x1B4B},
  {0x68C2, 0x4758},
  {0x68C9, 0x223D},
  {0x68CB, 0x2544},
  {0x68CD, 0x1856},
  {0x68D2, 0x0F53},
  {0x68D5, 0x3637},
  {0x68D8, 0x1B0B},
  {0x68DA, 0x244E},
  {0x68E0, 0x2B23},
  {0x68E3, 0x4805},
  {0x68EE, 0x280C},
  {0x68F0, 0x4801},
  {0x68F1, 0x1F41},
  {0x68F5, 0x1E22},
  {0x68F9, 0x475D},
  {0x68FA, 0x1836},
  {0x68FC, 0x475A},
  {0x6901, 0x4803},
  {0x6905, 0x312D},
  {0x690B, 0x4802},
  {0x690D, 0x3511},
  {0x690E, 0x3614},
  {0x6910, 0x4806},
  {0x6912, 0x1C16},
  {0x691F, 0x475B},
  {0x6920, 0x475C},
  {0x6924, 0x4800},
  {0x692D, 0x2C35},
  {0x6930, 0x310B},
  {0x6934, 0x4811},
  {0x6939, 0x4808},
  {0x693D, 0x1309},
  {0x693F, 0x131A},
  {0x6942, 0x480A},
  {0x6954, 0x2F07},
  {0x6957, 0x4804},
  {0x695A, 0x125D},
  {0x695D, 0x480B},
  {0x695E, 0x1F42},
  {0x6960, 0x4809},
  {0x6963, 0x4818},
  {0x6966, 0x4817},
  {0x696B, 0x480D},
  {0x696E, 0x4759},
  {0x6971, 0x4807},
  {0x6977, 0x1E0B},
  {0x6978, 0x4810},
  {0x6979, 0x4819},
  {0x697C, 0x2104},
  {0x6980, 0x480E},
  {0x6982, 0x1724},
  {0x6984, 0x480C},
  {0x6986, 0x323B},
  {0x6987, 0x4813},
  {0x6988, 0x4814},
  {0x6989, 0x4816},
  {0x698D, 0x4826},
  {0x6994, 0x1F25},
  {0x6995, 0x4824},
  {0x6998, 0x480F},
  {0x699B, 0x481A},
  {0x699C, 0x0F50},
  {0x69A7, 0x481B},
  {0x69A8, 0x3404},
  {0x69AB, 0x481D},
  {0x69AD, 0x481E},
  {0x69B1, 0x4820},
  {0x69B4, 0x2050},
  {0x69B7, 0x2715},
  {0x69BB, 0x481C},
  {0x69C1, 0x4821},
  {0x69CA, 0x4822},
  {0x69CC, 0x4812},
  {0x69CE, 0x4815},
  {0x69D0, 0x1A10},
  {0x69D4, 0x481F},
  {0x69DB, 0x1B56},
  {0x69DF, 0x4823},
  {0x69E0, 0x4825},
  {0x69ED, 0x4829},
  {0x69F2, 0x482D},
  {0x69FD, 0x113A},
  {0x69FF, 0x4827},
  {0x6A0A, 0x160D},
  {0x6A17, 0x482A},
  {0x6A18, 0x482B},
  {0x6A1F, 0x3420},
  {0x6A21, 0x2302},
  {0x6A28, 0x4837},
  {0x6A2A, 0x1940},
  {0x6A2F, 0x4828},
  {0x6A31, 0x3202},
  {0x6A35, 0x4833},
  {0x6A3D, 0x4836},
  {0x6A3E, 0x482F},
  {0x6A44, 0x482E},
  {0x6A47, 0x2620},
  {0x6A50, 0x4831},
  {0x6A58, 0x4838},
  {0x6A59, 0x1227},
  {0x6A5B, 0x4832},
  {0x6A61, 0x2E4F},
  {0x6A65, 0x482C},
  {0x6A71, 0x1256},
  {0x6A79, 0x4835},
  {0x6A7C, 0x4839},
  {0x6A80, 0x2B13},
  {0x6A84, 0x2E0C},
  {0x6A8E, 0x4834},
  {0x6A90, 0x483B},
  {0x6A91, 0x483A},
  {0x6A97, 0x483D},
  {0x6AA0, 0x4830},
  {0x6AA9, 0x483C},
  {0x6AAB, 0x483E},
  {0x6AAC, 0x2229},
  {0x6B20, 0x2616},
  {0x6B21, 0x132D},
  {0x6B22, 0x1A15},
  {0x6B23, 0x2F1F},
  {0x6B24, 0x4B02},
  {0x6B27, 0x2416},
  {0x6B32, 0x325A},
  {0x6B37, 0x4B03},
  {0x6B39, 0x4B04},
  {0x6B3A, 0x253A},
  {0x6B3E, 0x1E4D},
  {0x6B43, 0x4B05},
  {0x6B46, 0x4B06},
  {0x6B47, 0x2F09},
  {0x6B49, 0x2617},
  {0x6B4C, 0x1747},
  {0x6B59, 0x4B07},
  {0x6B62, 0x3518},
  {0x6B63, 0x345C},
  {0x6B64, 0x132A},
  {0x6B65, 0x111C},
  {0x6B66, 0x2D43},
  {0x6B67, 0x2546},
  {0x6B6A, 0x2C40},
  {0x6B79, 0x1354},
  {0x6B7B, 0x2A1F},
  {0x6B7C, 0x1B3E},
  {0x6B81, 0x4841},
  {0x6B82, 0x4842},
  {0x6B83, 0x3049},
  {0x6B84, 0x4844},
  {0x6B86, 0x1358},
  {0x6B87, 0x4843},
  {0x6B89, 0x3012},
  {0x6B8A, 0x2941},
  {0x6B8B, 0x112F},
  {0x6B8D, 0x4847},
  {0x6B92, 0x4845},
  {0x6B93, 0x4846},
  {0x6B96, 0x3512},
  {0x6B9A, 0x4848},
  {0x6B9B, 0x4849},
  {0x6BA1, 0x484A},
  {0x6BAA, 0x484B},
  {0x6BB3, 0x4B0E},
  {0x6BB4, 0x2418},
  {0x6BB5, 0x152D},
  {0x6BB7, 0x3152},
  {0x6BBF, 0x144D},
  {0x6BC1, 0x1A38},
  {0x6BC2, 0x4B10},
  {0x6BC5, 0x3142},
  {0x6BCB, 0x2D42},
  {0x6BCD, 0x2317},
  {0x6BCF, 0x221E},
  {0x6BD2, 0x151D},
  {0x6BD3, 0x3718},
  {0x6BD4, 0x1027},
  {0x6BD5, 0x102E},
  {0x6BD6, 0x1030},
  {0x6BD7, 0x245D},
  {0x6BD9, 0x102F},
  {0x6BDB, 0x220A},
  {0x6BE1, 0x3410},
  {0x6BEA, 0x4A03},
  {0x6BEB, 0x1920},
  {0x6BEF, 0x2B19},
  {0x6BF3, 0x4A04},
  {0x6BF5, 0x4A06},
  {0x6BF9, 0x4A07},
  {0x6BFD, 0x4A05},
  {0x6C05, 0x4A08},
  {0x6C06, 0x4A0A},
  {0x6C07, 0x4A09},
  {0x6C0D, 0x4A0B},
  {0x6C0F, 0x292E},
  {0x6C10, 0x3714},
  {0x6C11, 0x2250},
  {0x6C13, 0x2204},
  {0x6C14, 0x2557},
  {0x6C15, 0x4A0C},
  {0x6C16, 0x2329},
  {0x6C18, 0x4A0D},
  {0x6C19, 0x4A0E},
  {0x6C1A, 0x4A0F},
  {0x6C1B, 0x1634},
  {0x6C1F, 0x1659},
  {0x6C21, 0x4A10},
  {0x6C22, 0x2641},
  {0x6C24, 0x4A12},
  {0x6C26, 0x1903},
  {0x6C27, 0x3054},
  {0x6C28, 0x0F10},
  {0x6C29, 0x4A11},
  {0x6C2A, 0x4A13},
  {0x6C2E, 0x1409},
  {0x6C2F, 0x2127},
  {0x6C30, 0x2647},
  {0x6C32, 0x4A14},
  {0x6C34, 0x2A0D},
  {0x6C35, 0x423E},
  {0x6C38, 0x321F},
  {0x6C3D, 0x383A},
  {0x6C40, 0x2C00},
  {0x6C41, 0x350C},
  {0x6C42, 0x2652},
  {0x6C46, 0x383F},
  {0x6C47, 0x1A42},
  {0x6C49, 0x1919},
  {0x6C4A, 0x4241},
  {0x6C50, 0x2E0A},
  {0x6C54, 0x423F},
  {0x6C55, 0x2826},
  {0x6C57, 0x1918},
  {0x6C5B, 0x3013},
  {0x6C5C, 0x4240},
  {0x6C5D, 0x2749},
  {0x6C5E, 0x180E},
  {0x6C5F, 0x1C0C},
  {0x6C60, 0x1237},
  {0x6C61, 0x2D3A},
  {0x6C64, 0x2B1F},
  {0x6C68, 0x4247},
  {0x6C69, 0x4248},
  {0x6C6A, 0x2C53},
  {0x6C70, 0x2B0C},
  {0x6C72, 0x1B12},
  {0x6C74, 0x4249},
  {0x6C76, 0x424A},
  {0x6C79, 0x2F39},
  {0x6C7D, 0x255A},
  {0x6C7E, 0x1639},
  {0x6C81, 0x263E},
  {0x6C82, 0x3129},
  {0x6C83, 0x2D35},
  {0x6C85, 0x4243},
  {0x6C86, 0x424B},
  {0x6C88, 0x2851},
  {0x6C89, 0x1220},
  {0x6C8C, 0x4246},
  {0x6C8F, 0x2542},
  {0x6C90, 0x4244},
  {0x6C93, 0x4C12},
  {0x6C94, 0x4245},
  {0x6C99, 0x2812},
  {0x6C9B, 0x2445},
  {0x6C9F, 0x1814},
  {0x6CA1, 0x221A},
  {0x6CA3, 0x4242},
  {0x6CA4, 0x241C},
  {0x6CA5, 0x2003},
  {0x6CA6, 0x2138},
  {0x6CA7, 0x1136},
  {0x6CA9, 0x424C},
  {0x6CAA, 0x1A05},
  {0x6CAB, 0x230C},
  {0x6CAD, 0x424F},
  {0x6CAE, 0x1D39},
  {0x6CB1, 0x425A},
  {0x6CB2, 0x4254},
  {0x6CB3, 0x1932},
  {0x6CB8, 0x162F},
  {0x6CB9, 0x322C},
  {0x6CBB, 0x352D},
  {0x6CBC, 0x3432},
  {0x6CBD, 0x1820},
  {0x6CBE, 0x3413},
  {0x6CBF, 0x3037},
  {0x6CC4, 0x2F18},
  {0x6CC5, 0x2655},
  {0x6CC9, 0x2709},
  {0x6CCA, 0x1113},
  {0x6CCC, 0x2239},
  {0x6CD0, 0x424D},
  {0x6CD3, 0x425B},
  {0x6CD4, 0x424E},
  {0x6CD5, 0x1607},
  {0x6CD6, 0x4256},
  {0x6CD7, 0x4253},
  {0x6CDB, 0x1619},
  {0x6CDE, 0x2401},
  {0x6CE0, 0x4255},
  {0x6CE1, 0x243C},
  {0x6CE2, 0x1107},
  {0x6CE3, 0x255B},
  {0x6CE5, 0x233F},
  {0x6CE8, 0x3601},
  {0x6CEA, 0x1F40},
  {0x6CEB, 0x4258},
  {0x6CEE, 0x4259},
  {0x6CEF, 0x425C},
  {0x6CF0, 0x2B08},
  {0x6CF1, 0x4252},
  {0x6CF3, 0x321D},
  {0x6CF5, 0x1022},
  {0x6CF6, 0x4C13},
  {0x6CF7, 0x4250},
  {0x6CF8, 0x4251},
  {0x6CFA, 0x4257},
  {0x6CFB, 0x2F19},
  {0x6CFC, 0x2522},
  {0x6CFD, 0x3352},
  {0x6CFE, 0x425D},
  {0x6D01, 0x1C3F},
  {0x6D04, 0x4306},
  {0x6D07, 0x4305},
  {0x6D0B, 0x3052},
  {0x6D0C, 0x4302},
  {0x6D0E, 0x4308},
  {0x6D12, 0x2756},
  {0x6D17, 0x2E13},
  {0x6D19, 0x4307},
  {0x6D1A, 0x430D},
  {0x6D1B, 0x2144},
  {0x6D1E, 0x1513},
  {0x6D25, 0x1C51},
  {0x6D27, 0x4301},
  {0x6D2A, 0x1948},
  {0x6D2B, 0x4309},
  {0x6D2E, 0x430B},
  {0x6D31, 0x155C},
  {0x6D32, 0x353D},
  {0x6D33, 0x4311},
  {0x6D35, 0x430C},
  {0x6D39, 0x4300},
  {0x6D3B, 0x1A4D},
  {0x6D3C, 0x2C3C},
  {0x6D3D, 0x2601},
  {0x6D3E, 0x2428},
  {0x6D41, 0x2056},
  {0x6D43, 0x4303},
  {0x6D45, 0x2612},
  {0x6D46, 0x1C0B},
  {0x6D47, 0x1C1C},
  {0x6D48, 0x4304},
  {0x6D4A, 0x3626},
  {0x6D4B, 0x1141},
  {0x6D4D, 0x430A},
  {0x6D4E, 0x1B22},
  {0x6D4F, 0x430E},
  {0x6D51, 0x1A4A},
  {0x6D52, 0x430F},
  {0x6D53, 0x2407},
  {0x6D54, 0x4310},
  {0x6D59, 0x3442},
  {0x6D5A, 0x1E02},
  {0x6D5C, 0x4319},
  {0x6D5E, 0x4316},
  {0x6D60, 0x431A},
  {0x6D63, 0x431C},
  {0x6D66, 0x2535},
  {0x6D69, 0x1925},
  {0x6D6A, 0x1F2A},
  {0x6D6E, 0x1700},
  {0x6D6F, 0x4313},
  {0x6D74, 0x3300},
  {0x6D77, 0x1902},
  {0x6D78, 0x1C5D},
  {0x6D7C, 0x431B},
  {0x6D82, 0x2C1E},
  {0x6D85, 0x2358},
  {0x6D88, 0x2E5A},
  {0x6D89, 0x2845},
  {0x6D8C, 0x321E},
  {0x6D8E, 0x2E30},
  {0x6D91, 0x4312},
  {0x6D93, 0x4317},
  {0x6D94, 0x4318},
  {0x6D95, 0x2B48},
  {0x6D9B, 0x2B2D},
  {0x6D9D, 0x1F33},
  {0x6D9E, 0x4314},
  {0x6D9F, 0x200F},
  {0x6DA0, 0x4315},
  {0x6DA1, 0x2D2F},
  {0x6DA3, 0x1A20},
  {0x6DA4, 0x1432},
  {0x6DA6, 0x2752},
  {0x6DA7, 0x1C06},
  {0x6DA8, 0x3426},
  {0x6DA9, 0x280B},
  {0x6DAA, 0x1701},
  {0x6DAB, 0x4329},
  {0x6DAE, 0x432B},
  {0x6DAF, 0x3023},
  {0x6DB2, 0x3119},
  {0x6DB5, 0x190C},
  {0x6DB8, 0x1933},
  {0x6DBF, 0x4322},
  {0x6DC0, 0x144C},
  {0x6DC4, 0x362C},
  {0x6DC5, 0x431F},
  {0x6DC6, 0x2E5C},
  {0x6DC7, 0x431E},
  {0x6DCB, 0x203B},
  {0x6DCC, 0x2B29},
  {0x6DD1, 0x2946},
  {0x6DD6, 0x2336},
  {0x6DD8, 0x2B33},
  {0x6DD9, 0x4327},
  {0x6DDD, 0x4326},
  {0x6DDE, 0x4320},
  {0x6DE0, 0x4323},
  {0x6DE1, 0x140C},
  {0x6DE4, 0x3238},
  {0x6DE6, 0x4325},
  {0x6DEB, 0x3158},
  {0x6DEC, 0x1342},
  {0x6DEE, 0x1A13},
  {0x6DF1, 0x284D},
  {0x6DF3, 0x131D},
  {0x6DF7, 0x1A4B},
  {0x6DF9, 0x302C},
  {0x6DFB, 0x2B4C},
  {0x6DFC, 0x4C14},
  {0x6E05, 0x2644},
  {0x6E0A, 0x3307},
  {0x6E0C, 0x432A},
  {0x6E0D, 0x3634},
  {0x6E0E, 0x4321},
  {0x6E10, 0x1C04},
  {0x6E11, 0x4324},
  {0x6E14, 0x3245},
  {0x6E16, 0x4328},
  {0x6E17, 0x2857},
  {0x6E1A, 0x431D},
  {0x6E1D, 0x3244},
  {0x6E20, 0x265D},
  {0x6E21, 0x1528},
  {0x6E23, 0x335B},
  {0x6E24, 0x1112},
  {0x6E25, 0x4336},
  {0x6E29, 0x2D21},
  {0x6E2B, 0x432C},
  {0x6E2D, 0x2D1B},
  {0x6E2F, 0x173A},
  {0x6E32, 0x4335},
  {0x6E34, 0x1E29},
  {0x6E38, 0x322D},
  {0x6E3A, 0x224B},
  {0x6E43, 0x2427},
  {0x6E44, 0x4337},
  {0x6E4D, 0x2C23},
  {0x6E4E, 0x432E},
  {0x6E53, 0x4333},
  {0x6E54, 0x4334},
  {0x6E56, 0x195D},
  {0x6E58, 0x2E45},
  {0x6E5B, 0x341E},
  {0x6E5F, 0x4331},
  {0x6E6B, 0x432F},
  {0x6E6E, 0x432D},
  {0x6E7E, 0x2C44},
  {0x6E7F, 0x2909},
  {0x6E83, 0x1F02},
  {0x6E85, 0x1C05},
  {0x6E86, 0x4332},
  {0x6E89, 0x1727},
  {0x6E8F, 0x4346},
  {0x6E90, 0x3313},
  {0x6E98, 0x433A},
  {0x6E9C, 0x204E},
  {0x6E9F, 0x4348},
  {0x6EA2, 0x3146},
  {0x6EA5, 0x433E},
  {0x6EA7, 0x433F},
  {0x6EAA, 0x2E09},
  {0x6EAF, 0x2A3C},
  {0x6EB1, 0x4339},
  {0x6EB2, 0x4330},
  {0x6EB4, 0x4344},
  {0x6EB6, 0x273B},
  {0x6EB7, 0x4342},
  {0x6EBA, 0x2346},
  {0x6EBB, 0x4341},
  {0x6EBD, 0x4340},
  {0x6EC1, 0x125B},
  {0x6EC2, 0x4347},
  {0x6EC7, 0x1440},
  {0x6ECB, 0x362B},
  {0x6ECF, 0x4345},
  {0x6ED1, 0x1A0B},
  {0x6ED3, 0x3631},
  {0x6ED4, 0x2B2E},
  {0x6ED5, 0x4A57},
  {0x6ED7, 0x4343},
  {0x6EDA, 0x1855},
  {0x6EDE, 0x352C},
  {0x6EDF, 0x4338},
  {0x6EE0, 0x433B},
  {0x6EE1, 0x2159},
  {0x6EE2, 0x433D},
  {0x6EE4, 0x212A},
  {0x6EE5, 0x1F23},
  {0x6EE6, 0x212F},
  {0x6EE8, 0x1054},
  {0x6EE9, 0x2B11},
  {0x6EF4, 0x142D},
  {0x6EF9, 0x434E},
  {0x6F02, 0x250E},
  {0x6F06, 0x2540},
  {0x6F09, 0x4354},
  {0x6F0F, 0x2108},
  {0x6F13, 0x1F4B},
  {0x6F14, 0x303C},
  {0x6F15, 0x434D},
  {0x6F20, 0x230D},
  {0x6F24, 0x434C},
  {0x6F29, 0x4355},
  {0x6F2A, 0x4353},
  {0x6F2B, 0x215D},
  {0x6F2D, 0x433C},
  {0x6F2F, 0x434F},
  {0x6F31, 0x295D},
  {0x6F33, 0x3423},
  {0x6F36, 0x4350},
  {0x6F3E, 0x3059},
  {0x6F46, 0x434A},
  {0x6F47, 0x434B},
  {0x6F4B, 0x4351},
  {0x6F4D, 0x2D0A},
  {0x6F58, 0x242A},
  {0x6F5C, 0x2610},
  {0x6F5E, 0x2119},
  {0x6F62, 0x4349},
  {0x6F66, 0x2029},
  {0x6F6D, 0x2B15},
  {0x6F6E, 0x1210},
  {0x6F72, 0x435A},
  {0x6F74, 0x4352},
  {0x6F78, 0x4359},
  {0x6F7A, 0x435C},
  {0x6F7C, 0x435B},
  {0x6F84, 0x122D},
  {0x6F88, 0x1219},
  {0x6F89, 0x4356},
  {0x6F8C, 0x4358},
  {0x6F8D, 0x4357},
  {0x6F8E, 0x244B},
  {0x6F9C, 0x1F1C},
  {0x6FA1, 0x3347},
  {0x6FA7, 0x4401},
  {0x6FB3, 0x0F23},
  {0x6FB6, 0x4403},
  {0x6FB9, 0x4402},
  {0x6FC0, 0x1B03},
  {0x6FC2, 0x4404},
  {0x6FC9, 0x4400},
  {0x6FD1, 0x435D},
  {0x6FD2, 0x1053},
  {0x6FDE, 0x4407},
  {0x6FE0, 0x4408},
  {0x6FE1, 0x4405},
  {0x6FEE, 0x4406},
  {0x6FEF, 0x4409},
  {0x7011, 0x2538},
  {0x701A, 0x440A},
  {0x701B, 0x440C},
  {0x7023, 0x440B},
  {0x7035, 0x440E},
  {0x7039, 0x440D},
  {0x704C, 0x183F},
  {0x704F, 0x440F},
  {0x705E, 0x4410},
  {0x706B, 0x1A4F},
  {0x706C, 0x4B40},
  {0x706D, 0x224F},
  {0x706F, 0x1425},
  {0x7070, 0x1A31},
  {0x7075, 0x2048},
  {0x7076, 0x334D},
  {0x7078, 0x1D23},
  {0x707C, 0x3625},
  {0x707E, 0x3335},
  {0x707F, 0x1132},
  {0x7080, 0x4B1D},
  {0x7085, 0x4920},
  {0x7089, 0x210E},
  {0x708A, 0x1315},
  {0x708E, 0x3036},
  {0x7092, 0x1213},
  {0x7094, 0x2711},
  {0x7095, 0x1E1A},
  {0x7096, 0x4B1F},
  {0x7099, 0x352A},
  {0x709C, 0x4B1E},
  {0x709D, 0x4B20},
  {0x70AB, 0x4B24},
  {0x70AC, 0x1D45},
  {0x70AD, 0x2B1E},
  {0x70AE, 0x2439},
  {0x70AF, 0x1D1B},
  {0x70B1, 0x4B25},
  {0x70B3, 0x105D},
  {0x70B7, 0x4B23},
  {0x70B8, 0x3407},
  {0x70B9, 0x1442},
  {0x70BB, 0x4B21},
  {0x70BC, 0x2015},
  {0x70BD, 0x1242},
  {0x70C0, 0x4B22},
  {0x70C1, 0x2A17},
  {0x70C2, 0x1F22},
  {0x70C3, 0x2B5D},
  {0x70C8, 0x2031},
  {0x70CA, 0x4B27},
  {0x70D8, 0x1945},
  {0x70D9, 0x1F32},
  {0x70DB, 0x3551},
  {0x70DF, 0x302B},
  {0x70E4, 0x1E1D},
  {0x70E6, 0x1612},
  {0x70E7, 0x2834},
  {0x70E8, 0x4B26},
  {0x70E9, 0x1A41},
  {0x70EB, 0x2B2B},
  {0x70EC, 0x1C5C},
  {0x70ED, 0x2727},
  {0x70EF, 0x2E08},
  {0x70F7, 0x2C48},
  {0x70F9, 0x244A},
  {0x70FD, 0x1648},
  {0x7109, 0x3028},
  {0x710A, 0x1917},
  {0x7110, 0x4B28},
  {0x7113, 0x4B29},
  {0x7115, 0x1A1F},
  {0x7116, 0x4B2A},
  {0x7118, 0x4B41},
  {0x7119, 0x1019},
  {0x711A, 0x1638},
  {0x7126, 0x1C18},
  {0x712F, 0x4B2B},
  {0x7130, 0x3045},
  {0x7131, 0x4B2C},
  {0x7136, 0x271A},
  {0x7145, 0x4B30},
  {0x714A, 0x4B32},
  {0x714C, 0x1A2C},
  {0x714E, 0x1B44},
  {0x715C, 0x4B2E},
  {0x715E, 0x2816},
  {0x7164, 0x2219},
  {0x7166, 0x4B42},
  {0x7167, 0x3434},
  {0x7168, 0x4B2F},
  {0x716E, 0x3552},
  {0x7172, 0x4B31},
  {0x7173, 0x4B2D},
  {0x7178, 0x4B33},
  {0x717A, 0x4B34},
  {0x717D, 0x281E},
  {0x7184, 0x2E07},
  {0x718A, 0x2F3B},
  {0x718F, 0x300B},
  {0x7194, 0x273A},
  {0x7198, 0x4B35},
  {0x7199, 0x2D54},
  {0x719F, 0x294B},
  {0x71A0, 0x4B39},
  {0x71A8, 0x4B38},
  {0x71AC, 0x0F1D},
  {0x71B3, 0x4B36},
  {0x71B5, 0x4B37},
  {0x71B9, 0x4B43},
  {0x71C3, 0x271B},
  {0x71CE, 0x2026},
  {0x71D4, 0x4B3B},
  {0x71D5, 0x303F},
  {0x71E0, 0x4B3A},
  {0x71E5, 0x334E},
  {0x71E7, 0x4B3C},
  {0x71EE, 0x3A25},
  {0x71F9, 0x4B3D},
  {0x7206, 0x100B},
  {0x721D, 0x4B3E},
  {0x7228, 0x4B3F},
  {0x722A, 0x3605},
  {0x722C, 0x241F},
  {0x7230, 0x4A1B},
  {0x7231, 0x0F0D},
  {0x7235, 0x1D53},
  {0x7236, 0x1717},
  {0x7237, 0x310E},
  {0x7238, 0x0F35},
  {0x7239, 0x1458},
  {0x723B, 0x3712},
  {0x723D, 0x2A0B},
  {0x723F, 0x423C},
  {0x7247, 0x250B},
  {0x7248, 0x0F45},
  {0x724C, 0x2425},
  {0x724D, 0x4A18},
  {0x7252, 0x4A19},
  {0x7256, 0x4A1A},
  {0x7259, 0x301F},
  {0x725B, 0x2402},
  {0x725D, 0x4951},
  {0x725F, 0x2311},
  {0x7261, 0x2314},
  {0x7262, 0x1F2D},
  {0x7266, 0x4952},
  {0x7267, 0x2320},
  {0x7269, 0x2D4E},
  {0x726E, 0x494F},
  {0x726F, 0x4953},
  {0x7272, 0x285B},
  {0x7275, 0x2602},
  {0x7279, 0x2B37},
  {0x727A, 0x2D5D},
  {0x727E, 0x4954},
  {0x727F, 0x4955},
  {0x7280, 0x2E0B},
  {0x7281, 0x1F46},
  {0x7284, 0x4956},
  {0x728A, 0x151E},
  {0x728B, 0x4957},
  {0x728D, 0x4958},
  {0x728F, 0x4959},
  {0x7292, 0x495A},
  {0x729F, 0x4950},
  {0x72AC, 0x270D},
  {0x72AD, 0x404A},
  {0x72AF, 0x1617},
  {0x72B0, 0x404B},
  {0x72B4, 0x404C},
  {0x72B6, 0x3613},
  {0x72B7, 0x404D},
  {0x72B8, 0x404E},
  {0x72B9, 0x322B},
  {0x72C1, 0x4050},
  {0x72C2, 0x1E50},
  {0x72C3, 0x404F},
  {0x72C4, 0x1431},
  {0x72C8, 0x1016},
  {0x72CD, 0x4052},
  {0x72CE, 0x4051},
  {0x72D0, 0x195B},
  {0x72D2, 0x4053},
  {0x72D7, 0x1816},
  {0x72D9, 0x1D30},
  {0x72DE, 0x235B},
  {0x72E0, 0x193C},
  {0x72E1, 0x1C25},
  {0x72E8, 0x4054},
  {0x72E9, 0x4056},
  {0x72EC, 0x151F},
  {0x72ED, 0x2E20},
  {0x72EE, 0x2907},
  {0x72EF, 0x4055},
  {0x72F0, 0x3457},
  {0x72F1, 0x325B},
  {0x72F2, 0x4057},
  {0x72F3, 0x405B},
  {0x72F4, 0x4058},
  {0x72F7, 0x4059},
  {0x72F8, 0x1F49},
  {0x72FA, 0x405D},
  {0x72FB, 0x4100},
  {0x72FC, 0x1F26},
  {0x7301, 0x405A},
  {0x7303, 0x405C},
  {0x730A, 0x4104},
  {0x730E, 0x2033},
  {0x7313, 0x4102},
  {0x7315, 0x4107},
  {0x7316, 0x115D},
  {0x7317, 0x4101},
  {0x731B, 0x222C},
  {0x731C, 0x1121},
  {0x731D, 0x4106},
  {0x731E, 0x4105},
  {0x7321, 0x4103},
  {0x7322, 0x4108},
  {0x7325, 0x410A},
  {0x7329, 0x2F28},
  {0x732A, 0x354C},
  {0x732B, 0x2207},
  {0x732C, 0x410B},
  {0x732E, 0x2E36},
  {0x7331, 0x410D},
  {0x7334, 0x194E},
  {0x7337, 0x483F},
  {0x7338, 0x410C},
  {0x7339, 0x4109},
  {0x733E, 0x1A0A},
  {0x733F, 0x3312},
  {0x734D, 0x410F},
  {0x7350, 0x410E},
  {0x7352, 0x4840},
  {0x7357, 0x4110},
  {0x7360, 0x4111},
  {0x736C, 0x4112},
  {0x736D, 0x2B00},
  {0x736F, 0x4113},
  {0x737E, 0x4114},
  {0x7384, 0x2F5D},
  {0x7387, 0x2129},
  {0x7389, 0x3250},
  {0x738B, 0x2C54},
  {0x738E, 0x463F},
  {0x7391, 0x4640},
  {0x7396, 0x1D20},
  {0x739B, 0x2149},
  {0x739F, 0x4643},
  {0x73A2, 0x4642},
  {0x73A9, 0x2C45},
  {0x73AB, 0x2214},
  {0x73AE, 0x4641},
  {0x73AF, 0x1A16},
  {0x73B0, 0x2E35},
  {0x73B2, 0x2040},
  {0x73B3, 0x4648},
  {0x73B7, 0x4647},
  {0x73BA, 0x4653},
  {0x73BB, 0x1102},
  {0x73C0, 0x4649},
  {0x73C2, 0x4645},
  {0x73C8, 0x464B},
  {0x73C9, 0x464A},
  {0x73CA, 0x2819},
  {0x73CD, 0x3443},
  {0x73CF, 0x4644},
  {0x73D0, 0x1608},
  {0x73D1, 0x4646},
  {0x73D9, 0x464D},
  {0x73DE, 0x4652},
  {0x73E0, 0x3548},
  {0x73E5, 0x464C},
  {0x73E7, 0x4651},
  {0x73E9, 0x4650},
  {0x73ED, 0x0F3F},
  {0x73F2, 0x4654},
  {0x7403, 0x2651},
  {0x7405, 0x1F24},
  {0x7406, 0x1F4C},
  {0x7409, 0x204F},
  {0x740A, 0x464F},
  {0x740F, 0x4655},
  {0x7410, 0x2A55},
  {0x741A, 0x4701},
  {0x741B, 0x4700},
  {0x7422, 0x3620},
  {0x7425, 0x4659},
  {0x7426, 0x4658},
  {0x7428, 0x465A},
  {0x742A, 0x4656},
  {0x742C, 0x465D},
  {0x742E, 0x465C},
  {0x7430, 0x465B},
  {0x7433, 0x2034},
  {0x7434, 0x2638},
  {0x7435, 0x245C},
  {0x7436, 0x2422},
  {0x743C, 0x264C},
  {0x7441, 0x4702},
  {0x7455, 0x4705},
  {0x7457, 0x4704},
  {0x7459, 0x4706},
  {0x745A, 0x1956},
  {0x745B, 0x4657},
  {0x745C, 0x4703},
  {0x745E, 0x274F},
  {0x745F, 0x2809},
  {0x746D, 0x4708},
  {0x7470, 0x1844},
  {0x7476, 0x305D},
  {0x7477, 0x4707},
  {0x747E, 0x4709},
  {0x7480, 0x470C},
  {0x7481, 0x470D},
  {0x7483, 0x2006},
  {0x7487, 0x470E},
  {0x748B, 0x470F},
  {0x748E, 0x470B},
  {0x7490, 0x4713},
  {0x749C, 0x470A},
  {0x749E, 0x4710},
  {0x74A7, 0x4714},
  {0x74A8, 0x4711},
  {0x74A9, 0x4712},
  {0x74BA, 0x4716},
  {0x74D2, 0x4715},
  {0x74DC, 0x182E},
  {0x74DE, 0x4F0B},
  {0x74E0, 0x4F0C},
  {0x74E2, 0x250F},
  {0x74E3, 0x0F49},
  {0x74E4, 0x271E},
  {0x74E6, 0x2C3E},
  {0x74EE, 0x2D2C},
  {0x74EF, 0x4910},
  {0x74F4, 0x4911},
  {0x74F6, 0x251E},
  {0x74F7, 0x1328},
  {0x74FF, 0x4912},
  {0x7504, 0x3446},
  {0x750D, 0x3C58},
  {0x750F, 0x4913},
  {0x7511, 0x4914},
  {0x7513, 0x4915},
  {0x7518, 0x1729},
  {0x7519, 0x3E0F},
  {0x751A, 0x2854},
  {0x751C, 0x2B4F},
  {0x751F, 0x2859},
  {0x7525, 0x285A},
  {0x7528, 0x3222},
  {0x7529, 0x2A05},
  {0x752B, 0x1705},
  {0x752C, 0x4F0D},
  {0x752D, 0x1021},
  {0x752F, 0x4417},
  {0x7530, 0x2B4E},
  {0x7531, 0x3228},
  {0x7532, 0x1B36},
  {0x7533, 0x2849},
  {0x7535, 0x1446},
  {0x7537, 0x232F},
  {0x7538, 0x1448},
  {0x753A, 0x4D0D},
  {0x753B, 0x1A0C},
  {0x753E, 0x463D},
  {0x7540, 0x4D0E},
  {0x7545, 0x1208},
  {0x7548, 0x4D11},
  {0x754B, 0x4D10},
  {0x754C, 0x1C46},
  {0x754E, 0x4D0F},
  {0x754F, 0x2D16},
  {0x7554, 0x242E},
  {0x7559, 0x2053},
  {0x755A, 0x3A2D},
  {0x755B, 0x4D12},
  {0x755C, 0x2F52},
  {0x7565, 0x2133},
  {0x7566, 0x2547},
  {0x756A, 0x160B},
  {0x7572, 0x4D13},
  {0x7574, 0x124A},
  {0x7578, 0x1A5A},
  {0x7579, 0x4D14},
  {0x757F, 0x463B},
  {0x7583, 0x4D15},
  {0x7586, 0x1C0D},
  {0x758B, 0x5041},
  {0x758F, 0x2947},
  {0x7591, 0x3128},
  {0x7592, 0x4F39},
  {0x7594, 0x4F3A},
  {0x7596, 0x4F3B},
  {0x7597, 0x2025},
  {0x7599, 0x174C},
  {0x759A, 0x1D2D},
  {0x759D, 0x4F3D},
  {0x759F, 0x2410},
  {0x75A0, 0x4F3C},
  {0x75A1, 0x3050},
  {0x75A3, 0x4F3F},
  {0x75A4, 0x0F2B},
  {0x75A5, 0x1C49},
  {0x75AB, 0x313E},
  {0x75AC, 0x4F3E},
  {0x75AE, 0x130E},
  {0x75AF, 0x1647},
  {0x75B0, 0x4F45},
  {0x75B1, 0x4F44},
  {0x75B2, 0x2502},
  {0x75B3, 0x4F40},
  {0x75B4, 0x4F41},
  {0x75B5, 0x1322},
  {0x75B8, 0x4F42},
  {0x75B9, 0x344D},
  {0x75BC, 0x2B3A},
  {0x75BD, 0x1D31},
  {0x75BE, 0x1B11},
  {0x75C2, 0x4F47},
  {0x75C3, 0x4F46},
  {0x75C4, 0x4F43},
  {0x75C5, 0x1100},
  {0x75C7, 0x3501},
  {0x75C8, 0x3217},
  {0x75C9, 0x1D16},
  {0x75CA, 0x270B},
  {0x75CD, 0x4F49},
  {0x75D2, 0x3056},
  {0x75D4, 0x352B},
  {0x75D5, 0x193A},
  {0x75D6, 0x4F48},
  {0x75D8, 0x151A},
  {0x75DB, 0x2C13},
  {0x75DE, 0x2505},
  {0x75E2, 0x2000},
  {0x75E3, 0x4F4A},
  {0x75E4, 0x4F4D},
  {0x75E6, 0x4F4C},
  {0x75E7, 0x4F4F},
  {0x75E8, 0x4F4B},
  {0x75EA, 0x1A1D},
  {0x75EB, 0x4F4E},
  {0x75F0, 0x2B14},
  {0x75F1, 0x4F51},
  {0x75F4, 0x1234},
  {0x75F9, 0x1033},
  {0x75FC, 0x4F52},
  {0x75FF, 0x4F53},
  {0x7600, 0x4F55},
  {0x7601, 0x1340},
  {0x7603, 0x4F50},
  {0x7605, 0x4F56},
  {0x760A, 0x4F59},
  {0x760C, 0x4F57},
  {0x7610, 0x4F54},
  {0x7615, 0x4F5C},
  {0x7617, 0x4F58},
  {0x7618, 0x4F5B},
  {0x7619, 0x4F5D},
  {0x761B, 0x5000},
  {0x761F, 0x2D20},
  {0x7620, 0x5003},
  {0x7622, 0x5002},
  {0x7624, 0x2055},
  {0x7625, 0x4F5A},
  {0x7626, 0x293C},
  {0x7629, 0x1350},
  {0x762A, 0x1050},
  {0x762B, 0x2B10},
  {0x762D, 0x5005},
  {0x7630, 0x5006},
  {0x7633, 0x500B},
  {0x7634, 0x342D},
  {0x7635, 0x5008},
  {0x7638, 0x2712},
  {0x763C, 0x5001},
  {0x763E, 0x500A},
  {0x763F, 0x5007},
  {0x7640, 0x5004},
  {0x7643, 0x5009},
  {0x764C, 0x0F08},
  {0x764D, 0x500C},
  {0x7654, 0x500E},
  {0x7656, 0x5010},
  {0x765C, 0x500F},
  {0x765E, 0x500D},
  {0x7663, 0x3001},
  {0x766B, 0x5011},
  {0x766F, 0x5012},
  {0x7678, 0x184E},
  {0x767B, 0x1426},
  {0x767D, 0x0F36},
  {0x767E, 0x0F38},
  {0x7682, 0x334C},
  {0x7684, 0x1423},
  {0x7686, 0x1C33},
  {0x7687, 0x1A29},
  {0x7688, 0x4F06},
  {0x768B, 0x173D},
  {0x768E, 0x4F07},
  {0x7691, 0x0F07},
  {0x7693, 0x4F08},
  {0x7696, 0x2C4D},
  {0x7699, 0x4F09},
  {0x76A4, 0x4F0A},
  {0x76AE, 0x2503},
  {0x76B1, 0x3544},
  {0x76B2, 0x5043},
  {0x76B4, 0x5044},
  {0x76BF, 0x2252},
  {0x76C2, 0x323A},
  {0x76C5, 0x3530},
  {0x76C6, 0x2447},
  {0x76C8, 0x320E},
  {0x76CA, 0x3145},
  {0x76CD, 0x4D20},
  {0x76CE, 0x0F1A},
  {0x76CF, 0x3414},
  {0x76D0, 0x302D},
  {0x76D1, 0x1B3F},
  {0x76D2, 0x192F},
  {0x76D4, 0x1E57},
  {0x76D6, 0x1726},
  {0x76D7, 0x1420},
  {0x76D8, 0x242B},
  {0x76DB, 0x2901},
  {0x76DF, 0x222A},
  {0x76E5, 0x4D21},
  {0x76EE, 0x231E},
  {0x76EF, 0x1501},
  {0x76F1, 0x4C4B},
  {0x76F2, 0x2203},
  {0x76F4, 0x3510},
  {0x76F8, 0x2E3F},
  {0x76F9, 0x4C4E},
  {0x76FC, 0x242D},
  {0x76FE, 0x153B},
  {0x7701, 0x2900},
  {0x7704, 0x4C4C},
  {0x7707, 0x4C4F},
  {0x7708, 0x4C50},
  {0x7709, 0x221B},
  {0x770B, 0x1E13},
  {0x770D, 0x4C4D},
  {0x7719, 0x4C53},
  {0x771A, 0x4C51},
  {0x771F, 0x3445},
  {0x7720, 0x223E},
  {0x7722, 0x4C52},
  {0x7726, 0x4C55},
  {0x7728, 0x3402},
  {0x7729, 0x3002},
  {0x772D, 0x4C54},
  {0x772F, 0x222F},
  {0x7735, 0x4C56},
  {0x7736, 0x1E53},
  {0x7737, 0x1D4B},
  {0x7738, 0x4C57},
  {0x773A, 0x2B56},
  {0x773C, 0x303A},
  {0x7740, 0x3624},
  {0x7741, 0x3455},
  {0x7743, 0x4C5B},
  {0x7747, 0x4C5A},
  {0x7750, 0x4C58},
  {0x7751, 0x4C59},
  {0x775A, 0x4C5C},
  {0x775B, 0x1D05},
  {0x7761, 0x2A0E},
  {0x7762, 0x4D00},
  {0x7763, 0x151C},
  {0x7765, 0x4D01},
  {0x7766, 0x231F},
  {0x7768, 0x4C5D},
  {0x776B, 0x1C3D},
  {0x776C, 0x1126},
  {0x7779, 0x1522},
  {0x777D, 0x4D04},
  {0x777E, 0x3719},
  {0x777F, 0x4D02},
  {0x7780, 0x4D05},
  {0x7784, 0x2248},
  {0x7785, 0x1251},
  {0x778C, 0x4D06},
  {0x778D, 0x4D03},
  {0x778E, 0x2E18},
  {0x7791, 0x4D07},
  {0x7792, 0x2156},
  {0x779F, 0x4D08},
  {0x77A0, 0x4D09},
  {0x77A2, 0x3D0A},
  {0x77A5, 0x2512},
  {0x77A7, 0x2625},
  {0x77A9, 0x3554},
  {0x77AA, 0x1428},
  {0x77AC, 0x2A11},
  {0x77B0, 0x4D0A},
  {0x77B3, 0x2C0A},
  {0x77B5, 0x4D0B},
  {0x77BB, 0x340F},
  {0x77BD, 0x4D0C},
  {0x77BF, 0x5523},
  {0x77CD, 0x3A26},
  {0x77D7, 0x1302},
  {0x77DB, 0x220B},
  {0x77DC, 0x5045},
  {0x77E2, 0x2917},
  {0x77E3, 0x3132},
  {0x77E5, 0x3509},
  {0x77E7, 0x4E51},
  {0x77E9, 0x1D37},
  {0x77EB, 0x1C22},
  {0x77EC, 0x4E52},
  {0x77ED, 0x152B},
  {0x77EE, 0x0F0A},
  {0x77F3, 0x290E},
  {0x77F6, 0x4C15},
  {0x77F8, 0x4C16},
  {0x77FD, 0x2D58},
  {0x77FE, 0x160E},
  {0x77FF, 0x1E52},
  {0x7800, 0x4C17},
  {0x7801, 0x214A},
  {0x7802, 0x280F},
  {0x7809, 0x4C18},
  {0x780C, 0x2555},
  {0x780D, 0x1E12},
  {0x7811, 0x4C1B},
  {0x7812, 0x2457},
  {0x7814, 0x302F},
  {0x7816, 0x3608},
  {0x7817, 0x4C19},
  {0x7818, 0x4C1A},
  {0x781A, 0x3041},
  {0x781C, 0x4C1E},
  {0x781D, 0x4C1F},
  {0x781F, 0x4C23},
  {0x7823, 0x4C27},
  {0x7825, 0x4C25},
  {0x7826, 0x4C2D},
  {0x7827, 0x3447},
  {0x7829, 0x4C28},
  {0x782C, 0x4C26},
  {0x782D, 0x4C1D},
  {0x7830, 0x2448},
  {0x7834, 0x2525},
  {0x7837, 0x2848},
  {0x7838, 0x3331},
  {0x7839, 0x4C20},
  {0x783A, 0x4C21},
  {0x783B, 0x4C22},
  {0x783C, 0x4C24},
  {0x783E, 0x1F58},
  {0x7840, 0x1300},
  {0x7845, 0x1847},
  {0x7847, 0x4C2F},
  {0x784C, 0x4C30},
  {0x784E, 0x4C29},
  {0x7850, 0x4C2E},
  {0x7852, 0x2D57},
  {0x7855, 0x2A15},
  {0x7856, 0x4C2B},
  {0x7857, 0x4C2C},
  {0x785D, 0x2E54},
  {0x786A, 0x4C31},
  {0x786B, 0x2051},
  {0x786C, 0x3211},
  {0x786D, 0x4C2A},
  {0x786E, 0x2716},
  {0x7877, 0x1B4E},
  {0x787C, 0x244F},
  {0x7887, 0x4C35},
  {0x7889, 0x144E},
  {0x788C, 0x2114},
  {0x788D, 0x0F0C},
  {0x788E, 0x2A48},
  {0x7891, 0x100D},
  {0x7893, 0x4C33},
  {0x7897, 0x2C4A},
  {0x7898, 0x1441},
  {0x789A, 0x4C34},
  {0x789B, 0x4C32},
  {0x789C, 0x4C36},
  {0x789F, 0x1459},
  {0x78A1, 0x4C37},
  {0x78A3, 0x4C38},
  {0x78A5, 0x4C3B},
  {0x78A7, 0x102B},
  {0x78B0, 0x2455},
  {0x78B1, 0x1B4D},
  {0x78B2, 0x4C39},
  {0x78B3, 0x2B1B},
  {0x78B4, 0x1149},
  {0x78B9, 0x4C3A},
  {0x78BE, 0x234A},
  {0x78C1, 0x1324},
  {0x78C5, 0x0F54},
  {0x78C9, 0x4C3E},
  {0x78CA, 0x1F39},
  {0x78CB, 0x1347},
  {0x78D0, 0x242C},
  {0x78D4, 0x4C3C},
  {0x78D5, 0x1E23},
  {0x78D9, 0x4C3D},
  {0x78E8, 0x2304},
  {0x78EC, 0x4C3F},
  {0x78F2, 0x4C40},
  {0x78F4, 0x4C42},
  {0x78F7, 0x2036},
  {0x78FA, 0x1A26},
  {0x7901, 0x1C17},
  {0x7905, 0x4C41},
  {0x7913, 0x4C43},
  {0x791E, 0x4C45},
  {0x7924, 0x4C44},
  {0x7934, 0x4C46},
  {0x793A, 0x291D},
  {0x793B, 0x4B49},
  {0x793C, 0x1F50},
  {0x793E, 0x2846},
  {0x7940, 0x4B4A},
  {0x7941, 0x254D},
  {0x7946, 0x4B4B},
  {0x7948, 0x254C},
  {0x7949, 0x4B4C},
  {0x7953, 0x4B4F},
  {0x7956, 0x3645},
  {0x7957, 0x4B52},
  {0x795A, 0x4B50},
  {0x795B, 0x4B4D},
  {0x795C, 0x4B4E},
  {0x795D, 0x3602},
  {0x795E, 0x2850},
  {0x795F, 0x2A4D},
  {0x7960, 0x4B53},
  {0x7962, 0x4B51},
  {0x7965, 0x2E48},
  {0x7967, 0x4B55},
  {0x7968, 0x2510},
  {0x796D, 0x1B1F},
  {0x796F, 0x4B54},
  {0x7977, 0x141A},
  {0x7978, 0x1A55},
  {0x797A, 0x4B56},
  {0x7980, 0x3856},
  {0x7981, 0x1C5A},
  {0x7984, 0x211A},
  {0x7985, 0x4B57},
  {0x798A, 0x4B58},
  {0x798F, 0x1702},
  {0x799A, 0x4B59},
  {0x79A7, 0x4B5A},
  {0x79B3, 0x4B5B},
  {0x79B9, 0x324C},
  {0x79BA, 0x370D},
  {0x79BB, 0x1F4A},
  {0x79BD, 0x263C},
  {0x79BE, 0x192B},
  {0x79C0, 0x2F42},
  {0x79C1, 0x2A1C},
  {0x79C3, 0x2C19},
  {0x79C6, 0x1730},
  {0x79C9, 0x105B},
  {0x79CB, 0x264E},
  {0x79CD, 0x3535},
  {0x79D1, 0x1E25},
  {0x79D2, 0x224A},
  {0x79D5, 0x4E54},
  {0x79D8, 0x2237},
  {0x79DF, 0x3641},
  {0x79E3, 0x4E56},
  {0x79E4, 0x1232},
  {0x79E6, 0x2637},
  {0x79E7, 0x304C},
  {0x79E9, 0x3527},
  {0x79EB, 0x4E57},
  {0x79ED, 0x4E55},
  {0x79EF, 0x1A5C},
  {0x79F0, 0x1225},
  {0x79F8, 0x1C34},
  {0x79FB, 0x3125},
  {0x79FD, 0x1A3F},
  {0x7A00, 0x2E00},
  {0x7A02, 0x4E5B},
  {0x7A03, 0x4E5A},
  {0x7A06, 0x4E58},
  {0x7A0B, 0x122B},
  {0x7A0D, 0x2833},
  {0x7A0E, 0x2A0F},
  {0x7A14, 0x4E5D},
  {0x7A17, 0x0F3D},
  {0x7A1A, 0x3528},
  {0x7A1E, 0x4E5C},
  {0x7A20, 0x124C},
  {0x7A23, 0x5534},
  {0x7A33, 0x2D27},
  {0x7A37, 0x4F01},
  {0x7A39, 0x4F00},
  {0x7A3B, 0x141D},
  {0x7A3C, 0x1B39},
  {0x7A3D, 0x1A5B},
  {0x7A3F, 0x1744},
  {0x7A46, 0x2321},
  {0x7A51, 0x4F02},
  {0x7A57, 0x2A4A},
  {0x7A70, 0x4F05},
  {0x7A74, 0x3007},
  {0x7A76, 0x1D1E},
  {0x7A77, 0x264D},
  {0x7A78, 0x5015},
  {0x7A79, 0x5016},
  {0x7A7A, 0x1E34},
  {0x7A7F, 0x1308},
  {0x7A80, 0x5017},
  {0x7A81, 0x2C1A},
  {0x7A83, 0x2633},
  {0x7A84, 0x340C},
  {0x7A86, 0x5018},
  {0x7A88, 0x5019},
  {0x7A8D, 0x262E},
  {0x7A91, 0x3103},
  {0x7A92, 0x352E},
  {0x7A95, 0x501A},
  {0x7A96, 0x1C30},
  {0x7A97, 0x130F},
  {0x7A98, 0x1D1C},
  {0x7A9C, 0x133B},
  {0x7A9D, 0x2D30},
  {0x7A9F, 0x1E3E},
  {0x7AA0, 0x501C},
  {0x7AA5, 0x1E59},
  {0x7AA6, 0x501B},
  {0x7AA8, 0x501E},
  {0x7AAC, 0x501D},
  {0x7AAD, 0x501F},
  {0x7AB3, 0x5020},
  {0x7ABF, 0x205D},
  {0x7ACB, 0x2001},
  {0x7AD6, 0x2959},
  {0x7AD9, 0x341D},
  {0x7ADE, 0x1D19},
  {0x7ADF, 0x1D18},
  {0x7AE0, 0x3421},
  {0x7AE3, 0x1E01},
  {0x7AE5, 0x2C0E},
  {0x7AE6, 0x5014},
  {0x7AED, 0x1C3E},
  {0x7AEF, 0x152A},
  {0x7AF9, 0x3550},
  {0x7AFA, 0x5222},
  {0x7AFD, 0x5223},
  {0x7AFF, 0x172C},
  {0x7B03, 0x5225},
  {0x7B04, 0x5226},
  {0x7B06, 0x0F29},
  {0x7B08, 0x5224},
  {0x7B0A, 0x5228},
  {0x7B0B, 0x2A50},
  {0x7B0F, 0x522A},
  {0x7B11, 0x2F05},
  {0x7B14, 0x1029},
  {0x7B15, 0x5227},
  {0x7B19, 0x522E},
  {0x7B1B, 0x1430},
  {0x7B1E, 0x5236},
  {0x7B20, 0x5231},
  {0x7B24, 0x5233},
  {0x7B25, 0x5232},
  {0x7B26, 0x165A},
  {0x7B28, 0x101E},
  {0x7B2A, 0x522D},
  {0x7B2B, 0x5229},
  {0x7B2C, 0x1439},
  {0x7B2E, 0x522F},
  {0x7B31, 0x5230},
  {0x7B33, 0x5234},
  {0x7B38, 0x522C},
  {0x7B3A, 0x1B42},
  {0x7B3C, 0x205C},
  {0x7B3E, 0x5235},
  {0x7B45, 0x5239},
  {0x7B47, 0x522B},
  {0x7B49, 0x1427},
  {0x7B4B, 0x1C4D},
  {0x7B4C, 0x523B},
  {0x7B4F, 0x1603},
  {0x7B50, 0x1E4F},
  {0x7B51, 0x355D},
  {0x7B52, 0x2C11},
  {0x7B54, 0x134F},
  {0x7B56, 0x113E},
  {0x7B58, 0x5237},
  {0x7B5A, 0x5238},
  {0x7B5B, 0x2817},
  {0x7B5D, 0x523C},
  {0x7B60, 0x523D},
  {0x7B62, 0x5240},
  {0x7B6E, 0x523E},
  {0x7B71, 0x5242},
  {0x7B72, 0x5241},
  {0x7B75, 0x523A},
  {0x7B77, 0x1E49},
  {0x7B79, 0x124E},
  {0x7B7B, 0x523F},
  {0x7B7E, 0x2608},
  {0x7B80, 0x1B51},
  {0x7B85, 0x524A},
  {0x7B8D, 0x181E},
  {0x7B90, 0x5243},
  {0x7B94, 0x110C},
  {0x7B95, 0x1A5D},
  {0x7B97, 0x2A42},
  {0x7B9C, 0x524C},
  {0x7B9D, 0x5248},
  {0x7BA1, 0x183B},
  {0x7BA2, 0x524D},
  {0x7BA6, 0x5244},
  {0x7BA7, 0x5245},
  {0x7BA8, 0x5249},
  {0x7BA9, 0x2140},
  {0x7BAA, 0x524B},
  {0x7BAB, 0x524E},
  {0x7BAC, 0x5247},
  {0x7BAD, 0x1B5C},
  {0x7BB1, 0x2E43},
  {0x7BB4, 0x524F},
  {0x7BB8, 0x5246},
  {0x7BC1, 0x5251},
  {0x7BC6, 0x360C},
  {0x7BC7, 0x2509},
  {0x7BCC, 0x5252},
  {0x7BD1, 0x5250},
  {0x7BD3, 0x2107},
  {0x7BD9, 0x173C},
  {0x7BDA, 0x5254},
  {0x7BDD, 0x5253},
  {0x7BE1, 0x133A},
  {0x7BE5, 0x5255},
  {0x7BE6, 0x5256},
  {0x7BEA, 0x5257},
  {0x7BEE, 0x1F19},
  {0x7BF1, 0x1F48},
  {0x7BF7, 0x2450},
  {0x7BFC, 0x525A},
  {0x7BFE, 0x5259},
  {0x7C07, 0x1337},
  {0x7C0B, 0x525D},
  {0x7C0C, 0x5258},
  {0x7C0F, 0x525B},
  {0x7C16, 0x525C},
  {0x7C1F, 0x5300},
  {0x7C26, 0x5302},
  {0x7C27, 0x1A28},
  {0x7C2A, 0x5301},
  {0x7C38, 0x5303},
  {0x7C3F, 0x111D},
  {0x7C40, 0x5305},
  {0x7C41, 0x5304},
  {0x7C4D, 0x1B0D},
  {0x7C73, 0x2236},
  {0x7C74, 0x3840},
  {0x7C7B, 0x1F3F},
  {0x7C7C, 0x532B},
  {0x7C7D, 0x3630},
  {0x7C89, 0x163A},
  {0x7C91, 0x532D},
  {0x7C92, 0x2002},
  {0x7C95, 0x2528},
  {0x7C97, 0x1335},
  {0x7C98, 0x3412},
  {0x7C9C, 0x532F},
  {0x7C9D, 0x532E},
  {0x7C9E, 0x5330},
  {0x7C9F, 0x2A39},
  {0x7CA2, 0x5331},
  {0x7CA4, 0x3320},
  {0x7CA5, 0x353F},
  {0x7CAA, 0x163F},
  {0x7CAE, 0x2017},
  {0x7CB1, 0x201A},
  {0x7CB2, 0x5332},
  {0x7CB3, 0x1D0B},
  {0x7CB9, 0x1341},
  {0x7CBC, 0x5333},
  {0x7CBD, 0x5334},
  {0x7CBE, 0x1D0A},
  {0x7CC1, 0x5335},
  {0x7CC5, 0x533A},
  {0x7CC7, 0x5336},
  {0x7CC8, 0x5339},
  {0x7CCA, 0x195C},
  {0x7CCC, 0x5337},
  {0x7CCD, 0x5338},
  {0x7CD5, 0x1741},
  {0x7CD6, 0x2B26},
  {0x7CD7, 0x533B},
  {0x7CD9, 0x1139},
  {0x7CDC, 0x2232},
  {0x7CDF, 0x3342},
  {0x7CE0, 0x1E16},
  {0x7CE8, 0x533C},
  {0x7CEF, 0x2413},
  {0x7CF8, 0x5348},
  {0x7CFB, 0x2E14},
  {0x7D0A, 0x2D28},
  {0x7D20, 0x2A37},
  {0x7D22, 0x2A56},
  {0x7D27, 0x1C53},
  {0x7D2B, 0x362E},
  {0x7D2F, 0x1F3A},
  {0x7D6E, 0x2F54},
  {0x7D77, 0x5349},
  {0x7DA6, 0x534A},
  {0x7DAE, 0x534B},
  {0x7E3B, 0x5642},
  {0x7E41, 0x1610},
  {0x7E47, 0x534C},
  {0x7E82, 0x364A},
  {0x7E9B, 0x534D},
  {0x7E9F, 0x4558},
  {0x7EA0, 0x1D1F},
  {0x7EA1, 0x4559},
  {0x7EA2, 0x194B},
  {0x7EA3, 0x455A},
  {0x7EA4, 0x2E2A},
  {0x7EA5, 0x455B},
  {0x7EA6, 0x331B},
  {0x7EA7, 0x1B15},
  {0x7EA8, 0x455C},
  {0x7EA9, 0x455D},
  {0x7EAA, 0x1B2C},
  {0x7EAB, 0x2731},
  {0x7EAC, 0x2D12},
  {0x7EAD, 0x4600},
  {0x7EAF, 0x131E},
  {0x7EB0, 0x4601},
  {0x7EB1, 0x2813},
  {0x7EB2, 0x1738},
  {0x7EB3, 0x2328},
  {0x7EB5, 0x363C},
  {0x7EB6, 0x2139},
  {0x7EB7, 0x1636},
  {0x7EB8, 0x351C},
  {0x7EB9, 0x2D25},
  {0x7EBA, 0x1623},
  {0x7EBD, 0x2405},
  {0x7EBE, 0x4602},
  {0x7EBF, 0x2E3E},
  {0x7EC0, 0x4603},
  {0x7EC1, 0x4604},
  {0x7EC2, 0x4605},
  {0x7EC3, 0x2016},
  {0x7EC4, 0x3648},
  {0x7EC5, 0x284F},
  {0x7EC6, 0x2E17},
  {0x7EC7, 0x350E},
  {0x7EC8, 0x3534},
  {0x7EC9, 0x4606},
  {0x7ECA, 0x0F4C},
  {0x7ECB, 0x4607},
  {0x7ECC, 0x4608},
  {0x7ECD, 0x283B},
  {0x7ECE, 0x314E},
  {0x7ECF, 0x1D0C},
  {0x7ED0, 0x4609},
  {0x7ED1, 0x0F52},
  {0x7ED2, 0x273D},
  {0x7ED3, 0x1C40},
  {0x7ED4, 0x460A},
  {0x7ED5, 0x2725},
  {0x7ED7, 0x460B},
  {0x7ED8, 0x1A45},
  {0x7ED9, 0x1757},
  {0x7EDA, 0x3003},
  {0x7EDB, 0x460C},
  {0x7EDC, 0x2146},
  {0x7EDD, 0x1D57},
  {0x7EDE, 0x1C29},
  {0x7EDF, 0x2C12},
  {0x7EE0, 0x460D},
  {0x7EE1, 0x460E},
  {0x7EE2, 0x1D4D},
  {0x7EE3, 0x2F44},
  {0x7EE5, 0x2A46},
  {0x7EE6, 0x2B2F},
  {0x7EE7, 0x1B2B},
  {0x7EE8, 0x460F},
  {0x7EE9, 0x1B07},
  {0x7EEA, 0x2F56},
  {0x7EEB, 0x4610},
  {0x7EED, 0x2F57},
  {0x7EEE, 0x4611},
  {0x7EEF, 0x4612},
  {0x7EF0, 0x1321},
  {0x7EF1, 0x4613},
  {0x7EF2, 0x4614},
  {0x7EF3, 0x285D},
  {0x7EF4, 0x2D0B},
  {0x7EF5, 0x223F},
  {0x7EF6, 0x4616},
  {0x7EF7, 0x1020},
  {0x7EF8, 0x1250},
  {0x7EFA, 0x4617},
  {0x7EFB, 0x4618},
  {0x7EFC, 0x363A},
  {0x7EFD, 0x341F},
  {0x7EFE, 0x4619},
  {0x7EFF, 0x212B},
  {0x7F00, 0x3619},
  {0x7F01, 0x461A},
  {0x7F02, 0x461B},
  {0x7F03, 0x461C},
  {0x7F04, 0x1B49},
  {0x7F05, 0x2244},
  {0x7F06, 0x1F21},
  {0x7F07, 0x461D},
  {0x7F08, 0x461E},
  {0x7F09, 0x1B08},
  {0x7F0B, 0x461F},
  {0x7F0C, 0x4620},
  {0x7F0D, 0x4615},
  {0x7F0E, 0x152F},
  {0x7F0F, 0x4621},
  {0x7F11, 0x4622},
  {0x7F12, 0x4623},
  {0x7F13, 0x1A19},
  {0x7F14, 0x143D},
  {0x7F15, 0x2125},
  {0x7F16, 0x103F},
  {0x7F17, 0x4624},
  {0x7F18, 0x3314},
  {0x7F19, 0x4625},
  {0x7F1A, 0x171E},
  {0x7F1B, 0x4627},
  {0x7F1C, 0x4626},
  {0x7F1D, 0x164B},
  {0x7F1F, 0x4628},
  {0x7F20, 0x1157},
  {0x7F21, 0x4629},
  {0x7F22, 0x462A},
  {0x7F23, 0x462B},
  {0x7F24, 0x462C},
  {0x7F25, 0x462D},
  {0x7F26, 0x462E},
  {0x7F27, 0x462F},
  {0x7F28, 0x3206},
  {0x7F29, 0x2A54},
  {0x7F2A, 0x4630},
  {0x7F2B, 0x4631},
  {0x7F2C, 0x4632},
  {0x7F2D, 0x4633},
  {0x7F2E, 0x2828},
  {0x7F2F, 0x4634},
  {0x7F30, 0x4635},
  {0x7F31, 0x4636},
  {0x7F32, 0x4637},
  {0x7F33, 0x4638},
  {0x7F34, 0x1C28},
  {0x7F35, 0x4639},
  {0x7F36, 0x521D},
  {0x7F38, 0x1736},
  {0x7F3A, 0x2710},
  {0x7F42, 0x521E},
  {0x7F44, 0x521F},
  {0x7F45, 0x5220},
  {0x7F50, 0x183D},
  {0x7F51, 0x2C57},
  {0x7F54, 0x3747},
  {0x7F55, 0x1910},
  {0x7F57, 0x213D},
  {0x7F58, 0x4D16},
  {0x7F5A, 0x1602},
  {0x7F5F, 0x4D18},
  {0x7F61, 0x4D17},
  {0x7F62, 0x0F34},
  {0x7F68, 0x4D1A},
  {0x7F69, 0x3435},
  {0x7F6A, 0x364E},
  {0x7F6E, 0x3522},
  {0x7F71, 0x4D1C},
  {0x7F72, 0x294F},
  {0x7F74, 0x4D1B},
  {0x7F79, 0x4D1D},
  {0x7F7E, 0x4D1F},
  {0x7F81, 0x4D1E},
  {0x7F8A, 0x3051},
  {0x7F8C, 0x261B},
  {0x7F8E, 0x221F},
  {0x7F94, 0x1740},
  {0x7F9A, 0x2046},
  {0x7F9D, 0x5325},
  {0x7F9E, 0x2F3E},
  {0x7F9F, 0x5326},
  {0x7FA1, 0x2E3A},
  {0x7FA4, 0x2719},
  {0x7FA7, 0x5327},
  {0x7FAF, 0x5328},
  {0x7FB0, 0x5329},
  {0x7FB2, 0x532A},
  {0x7FB8, 0x3859},
  {0x7FB9, 0x175D},
  {0x7FBC, 0x4450},
  {0x7FBD, 0x324F},
  {0x7FBF, 0x533F},
  {0x7FC1, 0x2D2B},
  {0x7FC5, 0x1240},
  {0x7FCA, 0x5013},
  {0x7FCC, 0x314D},
  {0x7FCE, 0x5340},
  {0x7FD4, 0x2E47},
  {0x7FD5, 0x5341},
  {0x7FD8, 0x262B},
  {0x7FDF, 0x1433},
  {0x7FE0, 0x1343},
  {0x7FE1, 0x5343},
  {0x7FE5, 0x5342},
  {0x7FE6, 0x5344},
  {0x7FE9, 0x5345},
  {0x7FEE, 0x5346},
  {0x7FF0, 0x1911},
  {0x7FF1, 0x0F1E},
  {0x7FF3, 0x5347},
  {0x7FFB, 0x160C},
  {0x7FFC, 0x314C},
  {0x8000, 0x310A},
  {0x8001, 0x1F2E},
  {0x8003, 0x1E1B},
  {0x8004, 0x4A02},
  {0x8005, 0x343E},
  {0x8006, 0x4927},
  {0x800B, 0x5052},
  {0x800C, 0x1557},
  {0x800D, 0x2A02},
  {0x8010, 0x232C},
  {0x8012, 0x5046},
  {0x8014, 0x5047},
  {0x8015, 0x175A},
  {0x8016, 0x5048},
  {0x8017, 0x1923},
  {0x8018, 0x3324},
  {0x8019, 0x0F31},
  {0x801C, 0x5049},
  {0x8020, 0x504A},
  {0x8022, 0x504B},
  {0x8025, 0x504C},
  {0x8026, 0x504D},
  {0x8027, 0x504E},
  {0x8028, 0x5050},
  {0x8029, 0x504F},
  {0x802A, 0x2434},
  {0x8031, 0x5051},
  {0x8033, 0x1559},
  {0x8035, 0x5053},
  {0x8036, 0x310D},
  {0x8037, 0x3D26},
  {0x8038, 0x2A29},
  {0x803B, 0x123B},
  {0x803D, 0x1401},
  {0x803F, 0x1801},
  {0x8042, 0x2353},
  {0x8043, 0x5054},
  {0x8046, 0x5055},
  {0x804A, 0x2023},
  {0x804B, 0x205A},
  {0x804C, 0x350F},
  {0x804D, 0x5056},
  {0x8052, 0x5057},
  {0x8054, 0x2009},
  {0x8058, 0x2517},
  {0x805A, 0x1D3A},
  {0x8069, 0x5058},
  {0x806A, 0x132E},
  {0x8071, 0x5059},
  {0x807F, 0x4C11},
  {0x8080, 0x4C10},
  {0x8083, 0x2A3F},
  {0x8084, 0x313D},
  {0x8086, 0x2A20},
  {0x8087, 0x3437},
  {0x8089, 0x2741},
  {0x808B, 0x1F3E},
  {0x808C, 0x1B00},
  {0x8093, 0x4A20},
  {0x8096, 0x2F03},
  {0x8098, 0x3541},
  {0x809A, 0x1526},
  {0x809B, 0x1737},
  {0x809C, 0x4A1F},
  {0x809D, 0x172D},
  {0x809F, 0x4A1E},
  {0x80A0, 0x1205},
  {0x80A1, 0x1828},
  {0x80A2, 0x350A},
  {0x80A4, 0x1653},
  {0x80A5, 0x1629},
  {0x80A9, 0x1B46},
  {0x80AA, 0x161D},
  {0x80AB, 0x4A25},
  {0x80AD, 0x4A26},
  {0x80AE, 0x0F18},
  {0x80AF, 0x1E2E},
  {0x80B1, 0x4A24},
  {0x80B2, 0x325C},
  {0x80B4, 0x4A27},
  {0x80B7, 0x4A28},
  {0x80BA, 0x162D},
  {0x80BC, 0x4A21},
  {0x80BD, 0x4A23},
  {0x80BE, 0x2855},
  {0x80BF, 0x3536},
  {0x80C0, 0x342C},
  {0x80C1, 0x2F11},
  {0x80C2, 0x4A2E},
  {0x80C3, 0x2D17},
  {0x80C4, 0x4A2F},
  {0x80C6, 0x1407},
  {0x80CC, 0x1012},
  {0x80CD, 0x4A31},
  {0x80CE, 0x2B04},
  {0x80D6, 0x2435},
  {0x80D7, 0x4A32},
  {0x80D9, 0x4A30},
  {0x80DA, 0x243E},
  {0x80DB, 0x4A2D},
  {0x80DC, 0x2903},
  {0x80DD, 0x4A34},
  {0x80DE, 0x0F5A},
  {0x80E1, 0x1959},
  {0x80E4, 0x3716},
  {0x80E5, 0x5042},
  {0x80E7, 0x4A29},
  {0x80E8, 0x4A2A},
  {0x80E9, 0x4A2B},
  {0x80EA, 0x4A2C},
  {0x80EB, 0x4A35},
  {0x80EC, 0x451F},
  {0x80ED, 0x4A38},
  {0x80EF, 0x1E47},
  {0x80F0, 0x3127},
  {0x80F1, 0x4A36},
  {0x80F2, 0x4A3B},
  {0x80F3, 0x174B},
  {0x80F4, 0x4A37},
  {0x80F6, 0x1C19},
  {0x80F8, 0x2F37},
  {0x80FA, 0x0F16},
  {0x80FC, 0x4A3C},
  {0x80FD, 0x233B},
  {0x8102, 0x350B},
  {0x8106, 0x133F},
  {0x8109, 0x2155},
  {0x810A, 0x1B18},
  {0x810D, 0x4A39},
  {0x810E, 0x4A3A},
  {0x810F, 0x333F},
  {0x8110, 0x2549},
  {0x8111, 0x2333},
  {0x8112, 0x4A3E},
  {0x8113, 0x2406},
  {0x8114, 0x3854},
  {0x8116, 0x1110},
  {0x8118, 0x4A43},
  {0x811A, 0x1C24},
  {0x811E, 0x4A41},
  {0x812C, 0x4A42},
  {0x812F, 0x170B},
  {0x8131, 0x2C30},
  {0x8132, 0x4A44},
  {0x8136, 0x4A40},
  {0x8138, 0x2012},
  {0x813E, 0x2501},
  {0x8146, 0x2B52},
  {0x8148, 0x4A45},
  {0x814A, 0x1F0F},
  {0x814B, 0x3117},
  {0x814C, 0x4A46},
  {0x8150, 0x170E},
  {0x8151, 0x170C},
  {0x8153, 0x4A47},
  {0x8154, 0x261A},
  {0x8155, 0x2C52},
  {0x8159, 0x4A49},
  {0x815A, 0x4A4A},
  {0x8160, 0x4A4C},
  {0x8165, 0x2F27},
  {0x8167, 0x4A51},
  {0x8169, 0x4A4D},
  {0x816D, 0x4A50},
  {0x816E, 0x2758},
  {0x8170, 0x305B},
  {0x8171, 0x4A4B},
  {0x8174, 0x4A48},
  {0x8179, 0x1718},
  {0x817A, 0x2E38},
  {0x817B, 0x2344},
  {0x817C, 0x4A4E},
  {0x817D, 0x4A4F},
  {0x817E, 0x2B39},
  {0x817F, 0x2C27},
  {0x8180, 0x0F51},
  {0x8182, 0x4A55},
  {0x8188, 0x4A54},
  {0x818A, 0x1111},
  {0x818F, 0x173F},
  {0x8191, 0x4A56},
  {0x8198, 0x104B},
  {0x819B, 0x2B24},
  {0x819C, 0x2303},
  {0x819D, 0x2E04},
  {0x81A3, 0x4A58},
  {0x81A6, 0x4B01},
  {0x81A8, 0x2451},
  {0x81AA, 0x4A59},
  {0x81B3, 0x2824},
  {0x81BA, 0x413E},
  {0x81BB, 0x4A5D},
  {0x81C0, 0x2C2D},
  {0x81C1, 0x4B00},
  {0x81C2, 0x103A},
  {0x81C3, 0x3216},
  {0x81C6, 0x313B},
  {0x81CA, 0x4A5C},
  {0x81CC, 0x4A5A},
  {0x81E3, 0x121B},
  {0x81E7, 0x490F},
  {0x81EA, 0x3633},
  {0x81EC, 0x530A},
  {0x81ED, 0x1253},
  {0x81F3, 0x3520},
  {0x81F4, 0x3521},
  {0x81FB, 0x3448},
  {0x81FC, 0x1D29},
  {0x81FE, 0x5306},
  {0x8200, 0x3107},
  {0x8201, 0x5307},
  {0x8202, 0x5308},
  {0x8204, 0x5309},
  {0x8205, 0x1D2A},
  {0x8206, 0x323E},
  {0x820C, 0x283F},
  {0x820D, 0x2840},
  {0x8210, 0x5221},
  {0x8212, 0x2945},
  {0x8214, 0x2B51},
  {0x821B, 0x4115},
  {0x821C, 0x2A13},
  {0x821E, 0x2D47},
  {0x821F, 0x353A},
  {0x8221, 0x530C},
  {0x8222, 0x530D},
  {0x8223, 0x530E},
  {0x8228, 0x5311},
  {0x822A, 0x191C},
  {0x822B, 0x5312},
  {0x822C, 0x0F42},
  {0x822D, 0x530F},
  {0x822F, 0x5310},
  {0x8230, 0x1C01},
  {0x8231, 0x1134},
  {0x8233, 0x5315},
  {0x8234, 0x5316},
  {0x8235, 0x1545},
  {0x8236, 0x110F},
  {0x8237, 0x2E2E},
  {0x8238, 0x5313},
  {0x8239, 0x130B},
  {0x823B, 0x5314},
  {0x823E, 0x5317},
  {0x8244, 0x5318},
  {0x8247, 0x2C06},
  {0x8249, 0x5319},
  {0x824B, 0x531A},
  {0x824F, 0x531B},
  {0x8258, 0x2A31},
  {0x825A, 0x531C},
  {0x825F, 0x531D},
  {0x8268, 0x531E},
  {0x826E, 0x533D},
  {0x826F, 0x201B},
  {0x8270, 0x1B47},
  {0x8272, 0x280A},
  {0x8273, 0x303D},
  {0x8274, 0x4454},
  {0x8279, 0x3B12},
  {0x827A, 0x3134},
  {0x827D, 0x3B13},
  {0x827E, 0x0F0B},
  {0x827F, 0x3B14},
  {0x8282, 0x1C39},
  {0x8284, 0x3B18},
  {0x8288, 0x3721},
  {0x828A, 0x3B16},
  {0x828B, 0x3252},
  {0x828D, 0x2835},
  {0x828E, 0x3B19},
  {0x828F, 0x3B15},
  {0x8291, 0x3B1A},
  {0x8292, 0x2201},
  {0x8297, 0x3B1B},
  {0x8298, 0x3B24},
  {0x8299, 0x3B1C},
  {0x829C, 0x2D3E},
  {0x829D, 0x3504},
  {0x829F, 0x3B2E},
  {0x82A1, 0x3B2C},
  {0x82A4, 0x3B31},
  {0x82A5, 0x1C45},
  {0x82A6, 0x210A},
  {0x82A8, 0x3B17},
  {0x82A9, 0x3B2A},
  {0x82AA, 0x3B2D},
  {0x82AB, 0x3B1D},
  {0x82AC, 0x1631},
  {0x82AD, 0x0F24},
  {0x82AE, 0x3B26},
  {0x82AF, 0x2F1D},
  {0x82B0, 0x3B20},
  {0x82B1, 0x1A07},
  {0x82B3, 0x161B},
  {0x82B4, 0x3B2B},
  {0x82B7, 0x3B25},
  {0x82B8, 0x3B1E},
  {0x82B9, 0x263A},
  {0x82BD, 0x301E},
  {0x82BE, 0x3B1F},
  {0x82C1, 0x3B29},
  {0x82C4, 0x3B2F},
  {0x82C7, 0x2D0C},
  {0x82C8, 0x3B21},
  {0x82CA, 0x3B22},
  {0x82CB, 0x3B27},
  {0x82CC, 0x3B28},
  {0x82CD, 0x1133},
  {0x82CE, 0x3B30},
  {0x82CF, 0x2A34},
  {0x82D1, 0x3316},
  {0x82D2, 0x3B3A},
  {0x82D3, 0x3B3E},
  {0x82D4, 0x2B05},
  {0x82D5, 0x3B45},
  {0x82D7, 0x2246},
  {0x82D8, 0x3B3B},
  {0x82DB, 0x1E20},
  {0x82DC, 0x3B38},
  {0x82DE, 0x0F59},
  {0x82DF, 0x1815},
  {0x82E0, 0x3B44},
  {0x82E1, 0x3B32},
  {0x82E3, 0x3B23},
  {0x82E4, 0x3B35},
  {0x82E5, 0x2753},
  {0x82E6, 0x1E3F},
  {0x82EB, 0x281A},
  {0x82EF, 0x101C},
  {0x82F1, 0x3201},
  {0x82F4, 0x3B39},
  {0x82F7, 0x3B34},
  {0x82F9, 0x251A},
  {0x82FB, 0x3B3D},
  {0x8301, 0x3621},
  {0x8302, 0x220E},
  {0x8303, 0x1615},
  {0x8304, 0x2630},
  {0x8305, 0x2208},
  {0x8306, 0x3B41},
  {0x8307, 0x3B37},
  {0x8308, 0x3B4A},
  {0x8309, 0x3B33},
  {0x830C, 0x3B3C},
  {0x830E, 0x1D04},
  {0x830F, 0x3B36},
  {0x8311, 0x3B3F},
  {0x8314, 0x3B42},
  {0x8315, 0x3B43},
  {0x8317, 0x3B57},
  {0x831A, 0x3B40},
  {0x831B, 0x3C01},
  {0x831C, 0x3B46},
  {0x8327, 0x1B4A},
  {0x8328, 0x1323},
  {0x832B, 0x2202},
  {0x832C, 0x1146},
  {0x832D, 0x3B59},
  {0x832F, 0x3B51},
  {0x8331, 0x3B4E},
  {0x8333, 0x3B5B},
  {0x8334, 0x3B4D},
  {0x8335, 0x314F},
  {0x8336, 0x1147},
  {0x8338, 0x2736},
  {0x8339, 0x2742},
  {0x833A, 0x3B5A},
  {0x833C, 0x3B4C},
  {0x8340, 0x3B56},
  {0x8343, 0x3B54},
  {0x8346, 0x1D02},
  {0x8347, 0x3B53},
  {0x8349, 0x113C},
  {0x834F, 0x3B52},
  {0x8350, 0x1B55},
  {0x8351, 0x3B47},
  {0x8352, 0x1A23},
  {0x8354, 0x1F52},
  {0x835A, 0x1B33},
  {0x835B, 0x3B48},
  {0x835C, 0x3B49},
  {0x835E, 0x3B50},
  {0x835F, 0x3B55},
  {0x8360, 0x3B58},
  {0x8361, 0x1413},
  {0x8363, 0x2738},
  {0x8364, 0x1A46},
  {0x8365, 0x3B5D},
  {0x8366, 0x3B5C},
  {0x8367, 0x320A},
  {0x8368, 0x3C00},
  {0x8369, 0x3C02},
  {0x836A, 0x3C04},
  {0x836B, 0x3150},
  {0x836C, 0x3C03},
  {0x836D, 0x3C05},
  {0x836E, 0x3C06},
  {0x836F, 0x3108},
  {0x8377, 0x1928},
  {0x8378, 0x3C08},
  {0x837B, 0x3C15},
  {0x837C, 0x3C10},
  {0x837D, 0x3C13},
  {0x8385, 0x3C0F},
  {0x8386, 0x252D},
  {0x8389, 0x1F51},
  {0x838E, 0x280E},
  {0x8392, 0x3B4B},
  {0x8393, 0x3C0D},
  {0x8398, 0x3C16},
  {0x839B, 0x3B4F},
  {0x839C, 0x3C0E},
  {0x839E, 0x3C17},
  {0x83A0, 0x3C0B},
  {0x83A8, 0x3C18},
  {0x83A9, 0x3C12},
  {0x83AA, 0x3C0C},
  {0x83AB, 0x2309},
  {0x83B0, 0x3C07},
  {0x83B1, 0x1F12},
  {0x83B2, 0x200A},
  {0x83B3, 0x3C09},
  {0x83B4, 0x3C0A},
  {0x83B6, 0x3C11},
  {0x83B7, 0x1A50},
  {0x83B8, 0x3C14},
  {0x83B9, 0x3207},
  {0x83BA, 0x3C19},
  {0x83BC, 0x3C1A},
  {0x83BD, 0x2206},
  {0x83C0, 0x3C31},
  {0x83C1, 0x3C1B},
  {0x83C5, 0x3C30},
  {0x83C7, 0x181C},
  {0x83CA, 0x1D34},
  {0x83CC, 0x1D59},
  {0x83CF, 0x1929},
  {0x83D4, 0x3C29},
  {0x83D6, 0x3C24},
  {0x83D8, 0x3C1E},
  {0x83DC, 0x112A},
  {0x83DD, 0x3C22},
  {0x83DF, 0x3C2A},
  {0x83E0, 0x1103},
  {0x83E1, 0x3C34},
  {0x83E5, 0x3C1D},
  {0x83E9, 0x252F},
  {0x83EA, 0x3C2F},
  {0x83F0, 0x3C33},
  {0x83F1, 0x2041},
  {0x83F2, 0x1625},
  {0x83F8, 0x3C2D},
  {0x83F9, 0x3C2E},
  {0x83FD, 0x3C23},
  {0x8401, 0x3C1C},
  {0x8403, 0x3C2C},
  {0x8404, 0x2B30},
  {0x8406, 0x3C28},
  {0x840B, 0x3C21},
  {0x840C, 0x2227},
  {0x840D, 0x251B},
  {0x840E, 0x2D0D},
  {0x840F, 0x3C2B},
  {0x8411, 0x3C27},
  {0x8418, 0x3C20},
  {0x841C, 0x3C25},
  {0x841D, 0x213B},
  {0x8424, 0x3208},
  {0x8425, 0x3209},
  {0x8426, 0x3C32},
  {0x8427, 0x2E53},
  {0x8428, 0x2757},
  {0x8431, 0x3C45},
  {0x8438, 0x3C26},
  {0x843C, 0x3C3F},
  {0x843D, 0x2143},
  {0x8446, 0x3C40},
  {0x8451, 0x3C36},
  {0x8457, 0x3557},
  {0x8459, 0x3C38},
  {0x845A, 0x3C37},
  {0x845B, 0x174F},
  {0x845C, 0x3C35},
  {0x8461, 0x252E},
  {0x8463, 0x150C},
  {0x8469, 0x3C41},
  {0x846B, 0x1958},
  {0x846C, 0x3340},
  {0x846D, 0x3C46},
  {0x8471, 0x132F},
  {0x8473, 0x3C39},
  {0x8475, 0x1E5A},
  {0x8476, 0x3C42},
  {0x8478, 0x3C3E},
  {0x847A, 0x3C3C},
  {0x8482, 0x1438},
  {0x8487, 0x3C3A},
  {0x8488, 0x3C3B},
  {0x8489, 0x3C3D},
  {0x848B, 0x1C0E},
  {0x848C, 0x3C43},
  {0x848E, 0x3C44},
  {0x8497, 0x3C54},
  {0x8499, 0x2228},
  {0x849C, 0x2A41},
  {0x84A1, 0x3C51},
  {0x84AF, 0x3740},
  {0x84B2, 0x2530},
  {0x84B4, 0x3C53},
  {0x84B8, 0x3453},
  {0x84B9, 0x3C52},
  {0x84BA, 0x3C4F},
  {0x84BD, 0x3C4B},
  {0x84BF, 0x3C4E},
  {0x84C1, 0x3C47},
  {0x84C4, 0x2F4D},
  {0x84C9, 0x2737},
  {0x84CA, 0x3C4D},
  {0x84CD, 0x3C48},
  {0x84D0, 0x3C49},
  {0x84D1, 0x2A51},
  {0x84D3, 0x3C4C},
  {0x84D6, 0x102C},
  {0x84DD, 0x1F15},
  {0x84DF, 0x1B1A},
  {0x84E0, 0x3C50},
  {0x84E3, 0x3C56},
  {0x84E5, 0x3C55},
  {0x84E6, 0x3C4A},
  {0x84EC, 0x244D},
  {0x84F0, 0x3C5A},
  {0x84FC, 0x3D03},
  {0x84FF, 0x3D02},
  {0x850C, 0x3C57},
  {0x8511, 0x224E},
  {0x8513, 0x215A},
  {0x8517, 0x3440},
  {0x851A, 0x2D14},
  {0x851F, 0x3C5C},
  {0x8521, 0x112B},
  {0x852B, 0x2347},
  {0x852C, 0x293E},
  {0x8537, 0x261D},
  {0x8538, 0x3C59},
  {0x8539, 0x3C5B},
  {0x853A, 0x3C5D},
  {0x853B, 0x3D01},
  {0x853C, 0x0F09},
  {0x853D, 0x102D},
  {0x8543, 0x3D0B},
  {0x8548, 0x3D05},
  {0x8549, 0x1C15},
  {0x854A, 0x274E},
  {0x8556, 0x3D00},
  {0x8559, 0x3D04},
  {0x855E, 0x3D08},
  {0x8564, 0x3D07},
  {0x8568, 0x3D06},
  {0x8572, 0x3D0C},
  {0x8574, 0x332B},
  {0x8579, 0x3D12},
  {0x857A, 0x3D09},
  {0x857B, 0x3D0D},
  {0x857E, 0x1F38},
  {0x8584, 0x1000},
  {0x8585, 0x3D15},
  {0x8587, 0x3D10},
  {0x858F, 0x3D11},
  {0x859B, 0x3005},
  {0x859C, 0x3D14},
  {0x85A4, 0x3D0E},
  {0x85A8, 0x3D0F},
  {0x85AA, 0x2F1C},
  {0x85AE, 0x3D13},
  {0x85AF, 0x294C},
  {0x85B0, 0x3D18},
  {0x85B7, 0x3D17},
  {0x85B9, 0x3D16},
  {0x85C1, 0x3D1A},
  {0x85C9, 0x1C44},
  {0x85CF, 0x1137},
  {0x85D0, 0x2249},
  {0x85D3, 0x3D19},
  {0x85D5, 0x2419},
  {0x85DC, 0x3D1B},
  {0x85E4, 0x2B38},
  {0x85E9, 0x1609},
  {0x85FB, 0x3344},
  {0x85FF, 0x3D1C},
  {0x8605, 0x3D1E},
  {0x8611, 0x2301},
  {0x8616, 0x3D20},
  {0x8627, 0x3D1D},
  {0x8629, 0x3D1F},
  {0x8638, 0x3419},
  {0x863C, 0x3D21},
  {0x864D, 0x510D},
  {0x864E, 0x1A01},
  {0x864F, 0x2111},
  {0x8650, 0x240F},
  {0x8651, 0x2126},
  {0x8654, 0x510E},
  {0x865A, 0x2F48},
  {0x865E, 0x323C},
  {0x8662, 0x4A1C},
  {0x866B, 0x1245},
  {0x866C, 0x510F},
  {0x866E, 0x5110},
  {0x8671, 0x290C},
  {0x8679, 0x1946},
  {0x867A, 0x5112},
  {0x867B, 0x5114},
  {0x867C, 0x5113},
  {0x867D, 0x2A43},
  {0x867E, 0x2E19},
  {0x867F, 0x5111},
  {0x8680, 0x2913},
  {0x8681, 0x312E},
  {0x8682, 0x214B},
  {0x868A, 0x2D22},
  {0x868B, 0x5117},
  {0x868C, 0x0F55},
  {0x868D, 0x5116},
  {0x8693, 0x511D},
  {0x8695, 0x112E},
  {0x869C, 0x3020},
  {0x869D, 0x5119},
  {0x86A3, 0x511B},
  {0x86A4, 0x3348},
  {0x86A7, 0x511A},
  {0x86A8, 0x5115},
  {0x86A9, 0x511E},
  {0x86AA, 0x511C},
  {0x86AC, 0x5118},
  {0x86AF, 0x5126},
  {0x86B0, 0x5123},
  {0x86B1, 0x5125},
  {0x86B4, 0x5129},
  {0x86B5, 0x5121},
  {0x86B6, 0x511F},
  {0x86BA, 0x5124},
  {0x86C0, 0x355A},
  {0x86C4, 0x5120},
  {0x86C6, 0x2658},
  {0x86C7, 0x283E},
  {0x86C9, 0x5127},
  {0x86CA, 0x1825},
  {0x86CB, 0x140F},
  {0x86CE, 0x5122},
  {0x86CF, 0x5128},
  {0x86D0, 0x512F},
  {0x86D1, 0x5135},
  {0x86D4, 0x1A36},
  {0x86D8, 0x5134},
  {0x86D9, 0x2C3B},
  {0x86DB, 0x354A},
  {0x86DE, 0x5131},
  {0x86DF, 0x5133},
  {0x86E4, 0x1751},
  {0x86E9, 0x512A},
  {0x86ED, 0x512D},
  {0x86EE, 0x2158},
  {0x86F0, 0x343C},
  {0x86F1, 0x512B},
  {0x86F2, 0x512C},
  {0x86F3, 0x512E},
  {0x86F4, 0x5132},
  {0x86F8, 0x5138},
  {0x86F9, 0x321B},
  {0x86FE, 0x1549},
  {0x8700, 0x2950},
  {0x8702, 0x1643},
  {0x8703, 0x5136},
  {0x8707, 0x5137},
  {0x8708, 0x5139},
  {0x8709, 0x513C},
  {0x870A, 0x513A},
  {0x870D, 0x513B},
  {0x8712, 0x3030},
  {0x8713, 0x5130},
  {0x8715, 0x2C28},
  {0x8717, 0x2D2E},
  {0x8718, 0x3508},
  {0x871A, 0x5142},
  {0x871C, 0x223A},
  {0x871E, 0x513F},
  {0x8721, 0x1F0E},
  {0x8722, 0x514B},
  {0x8723, 0x513D},
  {0x8725, 0x5140},
  {0x8729, 0x5147},
  {0x872E, 0x5141},
  {0x8731, 0x5146},
  {0x8734, 0x5145},
  {0x8737, 0x5148},
  {0x873B, 0x513E},
  {0x873E, 0x5143},
  {0x873F, 0x5149},
  {0x8747, 0x320B},
  {0x8748, 0x5144},
  {0x8749, 0x1154},
  {0x874C, 0x5151},
  {0x874E, 0x2F0A},
  {0x8753, 0x5154},
  {0x8757, 0x1A27},
  {0x8759, 0x5158},
  {0x8760, 0x514F},
  {0x8763, 0x5155},
  {0x8764, 0x5157},
  {0x8765, 0x5159},
  {0x876E, 0x5152},
  {0x8770, 0x5150},
  {0x8774, 0x195A},
  {0x8776, 0x145A},
  {0x877B, 0x514E},
  {0x877C, 0x5156},
  {0x877D, 0x514C},
  {0x877E, 0x514D},
  {0x8782, 0x514A},
  {0x8783, 0x5205},
  {0x8785, 0x5202},
  {0x8788, 0x5201},
  {0x878B, 0x5153},
  {0x878D, 0x2739},
  {0x8793, 0x515A},
  {0x8797, 0x5204},
  {0x879F, 0x2257},
  {0x87A8, 0x515C},
  {0x87AB, 0x5206},
  {0x87AC, 0x5208},
  {0x87AD, 0x5203},
  {0x87AF, 0x515B},
  {0x87B3, 0x520A},
  {0x87B5, 0x5209},
  {0x87BA, 0x213C},
  {0x87BD, 0x520D},
  {0x87C0, 0x520F},
  {0x87C6, 0x5200},
  {0x87CA, 0x5210},
  {0x87CB, 0x520B},
  {0x87D1, 0x520E},
  {0x87D2, 0x515D},
  {0x87D3, 0x520C},
  {0x87DB, 0x5211},
  {0x87E0, 0x5213},
  {0x87E5, 0x5207},
  {0x87EA, 0x5212},
  {0x87EE, 0x5214},
  {0x87F9, 0x2F16},
  {0x87FE, 0x5217},
  {0x8803, 0x3858},
  {0x880A, 0x5218},
  {0x8813, 0x5216},
  {0x8815, 0x2743},
  {0x8816, 0x5215},
  {0x881B, 0x5219},
  {0x8821, 0x521A},
  {0x8822, 0x131F},
  {0x8832, 0x4D22},
  {0x8839, 0x521B},
  {0x883C, 0x521C},
  {0x8840, 0x3009},
  {0x8844, 0x530B},
  {0x8845, 0x2F25},
  {0x884C, 0x2F2F},
  {0x884D, 0x303B},
  {0x8854, 0x2E2D},
  {0x8857, 0x1C35},
  {0x8859, 0x3022},
  {0x8861, 0x1941},
  {0x8862, 0x4048},
  {0x8863, 0x3121},
  {0x8864, 0x5021},
  {0x8865, 0x1118},
  {0x8868, 0x104C},
  {0x8869, 0x5022},
  {0x886B, 0x281F},
  {0x886C, 0x1223},
  {0x886E, 0x3851},
  {0x8870, 0x2A04},
  {0x8872, 0x5023},
  {0x8877, 0x3533},
  {0x887D, 0x5024},
  {0x887E, 0x531F},
  {0x887F, 0x5025},
  {0x8881, 0x330B},
  {0x8882, 0x5026},
  {0x8884, 0x0F1F},
  {0x8885, 0x5320},
  {0x8888, 0x5321},
  {0x888B, 0x135B},
  {0x888D, 0x243A},
  {0x8892, 0x2B1A},
  {0x8896, 0x2F43},
  {0x889C, 0x2C3F},
  {0x88A2, 0x5027},
  {0x88A4, 0x3852},
  {0x88AB, 0x101A},
  {0x88AD, 0x2E0D},
  {0x88B1, 0x1703},
  {0x88B7, 0x5029},
  {0x88BC, 0x502A},
  {0x88C1, 0x1122},
  {0x88C2, 0x2030},
  {0x88C5, 0x360F},
  {0x88C6, 0x5028},
  {0x88C9, 0x502B},
  {0x88CE, 0x502D},
  {0x88D2, 0x3855},
  {0x88D4, 0x3140},
  {0x88D5, 0x3302},
  {0x88D8, 0x5322},
  {0x88D9, 0x2718},
  {0x88DF, 0x5323},
  {0x88E2, 0x502C},
  {0x88E3, 0x502E},
  {0x88E4, 0x1E42},
  {0x88E5, 0x502F},
  {0x88E8, 0x5033},
  {0x88F0, 0x5035},
  {0x88F1, 0x5030},
  {0x88F3, 0x2830},
  {0x88F4, 0x2440},
  {0x88F8, 0x2142},
  {0x88F9, 0x185B},
  {0x88FC, 0x5032},
  {0x88FE, 0x5034},
  {0x8902, 0x1832},
  {0x890A, 0x503A},
  {0x8910, 0x1935},
  {0x8912, 0x0F5C},
  {0x8913, 0x5038},
  {0x8919, 0x5037},
  {0x891A, 0x5031},
  {0x891B, 0x5039},
  {0x8921, 0x5036},
  {0x8925, 0x274B},
  {0x892A, 0x2C29},
  {0x892B, 0x503C},
  {0x8930, 0x441C},
  {0x8934, 0x503B},
  {0x8936, 0x503D},
  {0x8941, 0x503E},
  {0x8944, 0x2E44},
  {0x895E, 0x5324},
  {0x895F, 0x1C52},
  {0x8966, 0x503F},
  {0x897B, 0x5040},
  {0x897F, 0x2D56},
  {0x8981, 0x3109},
  {0x8983, 0x505A},
  {0x8986, 0x1711},
  {0x89C1, 0x1B5A},
  {0x89C2, 0x183A},
  {0x89C4, 0x1845},
  {0x89C5, 0x2238},
  {0x89C6, 0x2932},
  {0x89C7, 0x4947},
  {0x89C8, 0x1F1F},
  {0x89C9, 0x1D54},
  {0x89CA, 0x4948},
  {0x89CB, 0x4949},
  {0x89CC, 0x494A},
  {0x89CE, 0x494B},
  {0x89CF, 0x494C},
  {0x89D0, 0x494D},
  {0x89D1, 0x494E},
  {0x89D2, 0x1C26},
  {0x89D6, 0x545A},
  {0x89DA, 0x545C},
  {0x89DC, 0x545D},
  {0x89DE, 0x545B},
  {0x89E3, 0x1C41},
  {0x89E5, 0x5500},
  {0x89E6, 0x1304},
  {0x89EB, 0x5501},
  {0x89EF, 0x5502},
  {0x89F3, 0x4B11},
  {0x8A00, 0x3033},
  {0x8A07, 0x3849},
  {0x8A3E, 0x5503},
  {0x8A48, 0x4D19},
  {0x8A79, 0x3411},
  {0x8A89, 0x325D},
  {0x8A8A, 0x2B3B},
  {0x8A93, 0x2923},
  {0x8B07, 0x441F},
  {0x8B26, 0x5504},
  {0x8B66, 0x1D0E},
  {0x8B6C, 0x2508},
  {0x8BA0, 0x3904},
  {0x8BA1, 0x1B25},
  {0x8BA2, 0x1508},
  {0x8BA3, 0x171B},
  {0x8BA4, 0x272E},
  {0x8BA5, 0x1B04},
  {0x8BA6, 0x3905},
  {0x8BA7, 0x3906},
  {0x8BA8, 0x2B35},
  {0x8BA9, 0x2722},
  {0x8BAA, 0x3907},
  {0x8BAB, 0x255C},
  {0x8BAD, 0x3014},
  {0x8BAE, 0x3148},
  {0x8BAF, 0x3015},
  {0x8BB0, 0x1B26},
  {0x8BB2, 0x1C11},
  {0x8BB3, 0x1A43},
  {0x8BB4, 0x3908},
  {0x8BB5, 0x3909},
  {0x8BB6, 0x3027},
  {0x8BB7, 0x390A},
  {0x8BB8, 0x2F4C},
  {0x8BB9, 0x154E},
  {0x8BBA, 0x213A},
  {0x8BBC, 0x2A2E},
  {0x8BBD, 0x164C},
  {0x8BBE, 0x2847},
  {0x8BBF, 0x1622},
  {0x8BC0, 0x1D56},
  {0x8BC1, 0x3503},
  {0x8BC2, 0x390B},
  {0x8BC3, 0x390C},
  {0x8BC4, 0x251F},
  {0x8BC5, 0x3646},
  {0x8BC6, 0x2915},
  {0x8BC8, 0x3408},
  {0x8BC9, 0x2A3E},
  {0x8BCA, 0x344E},
  {0x8BCB, 0x390D},
  {0x8BCC, 0x353E},
  {0x8BCD, 0x1329},
  {0x8BCE, 0x390F},
  {0x8BCF, 0x390E},
  {0x8BD1, 0x314A},
  {0x8BD2, 0x3910},
  {0x8BD3, 0x3911},
  {0x8BD4, 0x3912},
  {0x8BD5, 0x2933},
  {0x8BD6, 0x3913},
  {0x8BD7, 0x290A},
  {0x8BD8, 0x3914},
  {0x8BD9, 0x3915},
  {0x8BDA, 0x122E},
  {0x8BDB, 0x354E},
  {0x8BDC, 0x3916},
  {0x8BDD, 0x1A0F},
  {0x8BDE, 0x140D},
  {0x8BDF, 0x3917},
  {0x8BE0, 0x3918},
  {0x8BE1, 0x184D},
  {0x8BE2, 0x300E},
  {0x8BE3, 0x3147},
  {0x8BE4, 0x3919},
  {0x8BE5, 0x1722},
  {0x8BE6, 0x2E49},
  {0x8BE7, 0x114E},
  {0x8BE8, 0x391A},
  {0x8BE9, 0x391B},
  {0x8BEB, 0x1C4A},
  {0x8BEC, 0x2D3B},
  {0x8BED, 0x324E},
  {0x8BEE, 0x391C},
  {0x8BEF, 0x2D52},
  {0x8BF0, 0x391D},
  {0x8BF1, 0x3234},
  {0x8BF2, 0x1A44},
  {0x8BF3, 0x391E},
  {0x8BF4, 0x2A14},
  {0x8BF5, 0x2A2F},
  {0x8BF6, 0x391F},
  {0x8BF7, 0x264A},
  {0x8BF8, 0x354D},
  {0x8BF9, 0x3920},
  {0x8BFA, 0x2414},
  {0x8BFB, 0x1520},
  {0x8BFC, 0x3921},
  {0x8BFD, 0x162B},
  {0x8BFE, 0x1E2D},
  {0x8BFF, 0x3922},
  {0x8C00, 0x3923},
  {0x8C01, 0x2A0C},
  {0x8C02, 0x3924},
  {0x8C03, 0x1456},
  {0x8C04, 0x3925},
  {0x8C05, 0x2021},
  {0x8C06, 0x361A},
  {0x8C07, 0x3926},
  {0x8C08, 0x2B17},
  {0x8C0A, 0x3149},
  {0x8C0B, 0x2310},
  {0x8C0C, 0x3927},
  {0x8C0D, 0x145C},
  {0x8C0E, 0x1A30},
  {0x8C0F, 0x3928},
  {0x8C10, 0x2F12},
  {0x8C11, 0x3929},
  {0x8C12, 0x392A},
  {0x8C13, 0x2D1C},
  {0x8C14, 0x392B},
  {0x8C15, 0x392C},
  {0x8C16, 0x392D},
  {0x8C17, 0x1156},
  {0x8C18, 0x3930},
  {0x8C19, 0x392E},
  {0x8C1A, 0x3047},
  {0x8C1B, 0x392F},
  {0x8C1C, 0x2234},
  {0x8C1D, 0x3931},
  {0x8C1F, 0x3932},
  {0x8C20, 0x3933},
  {0x8C21, 0x3934},
  {0x8C22, 0x2F1A},
  {0x8C23, 0x3104},
  {0x8C24, 0x0F58},
  {0x8C25, 0x3935},
  {0x8C26, 0x260A},
  {0x8C27, 0x3936},
  {0x8C28, 0x1C56},
  {0x8C29, 0x2200},
  {0x8C2A, 0x3937},
  {0x8C2B, 0x3938},
  {0x8C2C, 0x225C},
  {0x8C2D, 0x2B16},
  {0x8C2E, 0x3939},
  {0x8C2F, 0x393A},
  {0x8C30, 0x1F1D},
  {0x8C31, 0x2536},
  {0x8C32, 0x393B},
  {0x8C33, 0x393C},
  {0x8C34, 0x2613},
  {0x8C35, 0x393D},
  {0x8C36, 0x393E},
  {0x8C37, 0x1827},
  {0x8C41, 0x1A4C},
  {0x8C46, 0x1518},
  {0x8C47, 0x5357},
  {0x8C49, 0x5358},
  {0x8C4C, 0x2C42},
  {0x8C55, 0x5418},
  {0x8C5A, 0x4A3F},
  {0x8C61, 0x2E52},
  {0x8C62, 0x1A1E},
  {0x8C6A, 0x191F},
  {0x8C6B, 0x3304},
  {0x8C73, 0x4038},
  {0x8C78, 0x5453},
  {0x8C79, 0x1009},
  {0x8C7A, 0x1151},
  {0x8C82, 0x5454},
  {0x8C85, 0x5456},
  {0x8C89, 0x1930},
  {0x8C8A, 0x5455},
  {0x8C8C, 0x2211},
  {0x8C94, 0x5458},
  {0x8C98, 0x5457},
  {0x8D1D, 0x1013},
  {0x8D1E, 0x3449},
  {0x8D1F, 0x1719},
  {0x8D21, 0x1810},
  {0x8D22, 0x1125},
  {0x8D23, 0x334F},
  {0x8D24, 0x2E2C},
  {0x8D25, 0x0F3B},
  {0x8D26, 0x342A},
  {0x8D27, 0x1A54},
  {0x8D28, 0x3529},
  {0x8D29, 0x1616},
  {0x8D2A, 0x2B0F},
  {0x8D2B, 0x2515},
  {0x8D2C, 0x1040},
  {0x8D2D, 0x1819},
  {0x8D2E, 0x355B},
  {0x8D2F, 0x1840},
  {0x8D30, 0x1600},
  {0x8D31, 0x1B59},
  {0x8D32, 0x4939},
  {0x8D33, 0x493A},
  {0x8D34, 0x2B58},
  {0x8D35, 0x1852},
  {0x8D36, 0x493B},
  {0x8D37, 0x135A},
  {0x8D38, 0x2212},
  {0x8D39, 0x1630},
  {0x8D3A, 0x1937},
  {0x8D3B, 0x493C},
  {0x8D3C, 0x3353},
  {0x8D3D, 0x493D},
  {0x8D3E, 0x1B35},
  {0x8D3F, 0x1A3E},
  {0x8D40, 0x493E},
  {0x8D41, 0x203D},
  {0x8D42, 0x2117},
  {0x8D43, 0x333E},
  {0x8D44, 0x3629},
  {0x8D45, 0x493F},
  {0x8D46, 0x4940},
  {0x8D47, 0x4943},
  {0x8D48, 0x4941},
  {0x8D49, 0x4942},
  {0x8D4A, 0x283D},
  {0x8D4B, 0x1712},
  {0x8D4C, 0x1523},
  {0x8D4D, 0x4944},
  {0x8D4E, 0x2949},
  {0x8D4F, 0x282C},
  {0x8D50, 0x132C},
  {0x8D53, 0x4138},
  {0x8D54, 0x2441},
  {0x8D55, 0x4945},
  {0x8D56, 0x1F14},
  {0x8D58, 0x3617},
  {0x8D59, 0x4946},
  {0x8D5A, 0x360B},
  {0x8D5B, 0x275B},
  {0x8D5C, 0x3732},
  {0x8D5D, 0x372C},
  {0x8D5E, 0x333D},
  {0x8D60, 0x3358},
  {0x8D61, 0x2823},
  {0x8D62, 0x320D},
  {0x8D63, 0x1732},
  {0x8D64, 0x123F},
  {0x8D66, 0x2841},
  {0x8D67, 0x5355},
  {0x8D6B, 0x1934},
  {0x8D6D, 0x5356},
  {0x8D70, 0x363E},
  {0x8D73, 0x5350},
  {0x8D74, 0x170F},
  {0x8D75, 0x3433},
  {0x8D76, 0x172E},
  {0x8D77, 0x254F},
  {0x8D81, 0x1222},
  {0x8D84, 0x5351},
  {0x8D85, 0x120B},
  {0x8D8A, 0x331C},
  {0x8D8B, 0x2656},
  {0x8D91, 0x5353},
  {0x8D94, 0x5352},
  {0x8D9F, 0x2B2A},
  {0x8DA3, 0x2703},
  {0x8DB1, 0x5354},
  {0x8DB3, 0x3642},
  {0x8DB4, 0x241E},
  {0x8DB5, 0x541F},
  {0x8DB8, 0x541A},
  {0x8DBA, 0x5422},
  {0x8DBC, 0x5421},
  {0x8DBE, 0x3519},
  {0x8DBF, 0x5420},
  {0x8DC3, 0x331D},
  {0x8DC4, 0x5423},
  {0x8DC6, 0x542B},
  {0x8DCB, 0x0F2E},
  {0x8DCC, 0x1457},
  {0x8DCE, 0x5428},
  {0x8DCF, 0x5429},
  {0x8DD1, 0x243B},
  {0x8DD6, 0x5424},
  {0x8DD7, 0x5425},
  {0x8DDA, 0x5426},
  {0x8DDB, 0x542A},
  {0x8DDD, 0x1D3F},
  {0x8DDE, 0x5427},
  {0x8DDF, 0x1759},
  {0x8DE3, 0x542F},
  {0x8DE4, 0x5432},
  {0x8DE8, 0x1E46},
  {0x8DEA, 0x1851},
  {0x8DEB, 0x541B},
  {0x8DEC, 0x542C},
  {0x8DEF, 0x2116},
  {0x8DF3, 0x2B57},
  {0x8DF5, 0x1B58},
  {0x8DF7, 0x542D},
  {0x8DF8, 0x542E},
  {0x8DF9, 0x5430},
  {0x8DFA, 0x1544},
  {0x8DFB, 0x5431},
  {0x8DFD, 0x5434},
  {0x8E05, 0x541C},
  {0x8E09, 0x5433},
  {0x8E0A, 0x321A},
  {0x8E0C, 0x124B},
  {0x8E0F, 0x2B03},
  {0x8E14, 0x5435},
  {0x8E1D, 0x5436},
  {0x8E1E, 0x1D40},
  {0x8E1F, 0x5437},
  {0x8E22, 0x2B3E},
  {0x8E23, 0x543A},
  {0x8E29, 0x1127},
  {0x8E2A, 0x3638},
  {0x8E2C, 0x5438},
  {0x8E2E, 0x5439},
  {0x8E2F, 0x543B},
  {0x8E31, 0x5441},
  {0x8E35, 0x543F},
  {0x8E39, 0x543E},
  {0x8E3A, 0x543C},
  {0x8E3D, 0x5440},
  {0x8E40, 0x543D},
  {0x8E41, 0x5443},
  {0x8E42, 0x5444},
  {0x8E44, 0x2B42},
  {0x8E47, 0x441E},
  {0x8E48, 0x1417},
  {0x8E49, 0x5442},
  {0x8E4A, 0x5447},
  {0x8E4B, 0x2B02},
  {0x8E51, 0x5445},
  {0x8E52, 0x5446},
  {0x8E59, 0x541D},
  {0x8E66, 0x1023},
  {0x8E69, 0x541E},
  {0x8E6C, 0x1424},
  {0x8E6D, 0x1143},
  {0x8E6F, 0x544B},
  {0x8E70, 0x5448},
  {0x8E72, 0x1536},
  {0x8E74, 0x544C},
  {0x8E76, 0x5449},
  {0x8E7C, 0x544A},
  {0x8E7F, 0x1339},
  {0x8E81, 0x3349},
  {0x8E85, 0x544D},
  {0x8E87, 0x1258},
  {0x8E8F, 0x544E},
  {0x8E90, 0x5450},
  {0x8E94, 0x544F},
  {0x8E9C, 0x5451},
  {0x8E9E, 0x5452},
  {0x8EAB, 0x284C},
  {0x8EAC, 0x1809},
  {0x8EAF, 0x265A},
  {0x8EB2, 0x1542},
  {0x8EBA, 0x2B28},
  {0x8ECE, 0x4905},
  {0x8F66, 0x1214},
  {0x8F67, 0x335D},
  {0x8F68, 0x184B},
  {0x8F69, 0x2F58},
  {0x8F6B, 0x484C},
  {0x8F6C, 0x3609},
  {0x8F6D, 0x484D},
  {0x8F6E, 0x2135},
  {0x8F6F, 0x274C},
  {0x8F70, 0x1943},
  {0x8F71, 0x484E},
  {0x8F72, 0x484F},
  {0x8F73, 0x4850},
  {0x8F74, 0x3540},
  {0x8F75, 0x4851},
  {0x8F76, 0x4852},
  {0x8F77, 0x4854},
  {0x8F78, 0x4853},
  {0x8F79, 0x4855},
  {0x8F7A, 0x4856},
  {0x8F7B, 0x2640},
  {0x8F7C, 0x4857},
  {0x8F7D, 0x3337},
  {0x8F7E, 0x4858},
  {0x8F7F, 0x1C2D},
  {0x8F81, 0x4859},
  {0x8F82, 0x485A},
  {0x8F83, 0x1C2E},
  {0x8F84, 0x485B},
  {0x8F85, 0x1707},
  {0x8F86, 0x201D},
  {0x8F87, 0x485C},
  {0x8F88, 0x1011},
  {0x8F89, 0x1A33},
  {0x8F8A, 0x1854},
  {0x8F8B, 0x485D},
  {0x8F8D, 0x4900},
  {0x8F8E, 0x4901},
  {0x8F8F, 0x4902},
  {0x8F90, 0x1657},
  {0x8F91, 0x1B0C},
  {0x8F93, 0x2943},
  {0x8F94, 0x3F2D},
  {0x8F95, 0x330E},
  {0x8F96, 0x2E1C},
  {0x8F97, 0x3416},
  {0x8F98, 0x4903},
  {0x8F99, 0x343D},
  {0x8F9A, 0x4904},
  {0x8F9B, 0x2F20},
  {0x8F9C, 0x181B},
  {0x8F9E, 0x1326},
  {0x8F9F, 0x1038},
  {0x8FA3, 0x1F10},
  {0x8FA8, 0x1045},
  {0x8FA9, 0x1046},
  {0x8FAB, 0x1047},
  {0x8FB0, 0x121C},
  {0x8FB1, 0x2747},
  {0x8FB6, 0x4420},
  {0x8FB9, 0x103E},
  {0x8FBD, 0x2028},
  {0x8FBE, 0x134E},
  {0x8FC1, 0x2607},
  {0x8FC2, 0x3237},
  {0x8FC4, 0x2558},
  {0x8FC5, 0x3017},
  {0x8FC7, 0x185C},
  {0x8FC8, 0x2154},
  {0x8FCE, 0x320C},
  {0x8FD0, 0x332A},
  {0x8FD1, 0x1C5B},
  {0x8FD3, 0x4421},
  {0x8FD4, 0x1614},
  {0x8FD5, 0x4422},
  {0x8FD8, 0x1A18},
  {0x8FD9, 0x3441},
  {0x8FDB, 0x1C57},
  {0x8FDC, 0x3315},
  {0x8FDD, 0x2D04},
  {0x8FDE, 0x200B},
  {0x8FDF, 0x1238},
  {0x8FE2, 0x2B55},
  {0x8FE4, 0x4425},
  {0x8FE5, 0x4423},
  {0x8FE6, 0x4427},
  {0x8FE8, 0x4429},
  {0x8FE9, 0x4426},
  {0x8FEA, 0x142E},
  {0x8FEB, 0x2527},
  {0x8FED, 0x145B},
  {0x8FEE, 0x4424},
  {0x8FF0, 0x2955},
  {0x8FF3, 0x4428},
  {0x8FF7, 0x2233},
  {0x8FF8, 0x1024},
  {0x8FF9, 0x1B02},
  {0x8FFD, 0x3616},
  {0x9000, 0x2C2A},
  {0x9001, 0x2A2C},
  {0x9002, 0x2929},
  {0x9003, 0x2B32},
  {0x9004, 0x442B},
  {0x9005, 0x442A},
  {0x9006, 0x2345},
  {0x9009, 0x3000},
  {0x900A, 0x3016},
  {0x900B, 0x442C},
  {0x900D, 0x442F},
  {0x900F, 0x2C17},
  {0x9010, 0x354F},
  {0x9011, 0x442E},
  {0x9012, 0x143C},
  {0x9014, 0x2C1D},
  {0x9016, 0x4430},
  {0x9017, 0x1519},
  {0x901A, 0x2C07},
  {0x901B, 0x1843},
  {0x901D, 0x2924},
  {0x901E, 0x1230},
  {0x901F, 0x2A38},
  {0x9020, 0x334B},
  {0x9021, 0x4431},
  {0x9022, 0x1649},
  {0x9026, 0x442D},
  {0x902D, 0x4434},
  {0x902E, 0x135D},
  {0x902F, 0x4435},
  {0x9035, 0x4432},
  {0x9036, 0x4433},
  {0x9038, 0x313C},
  {0x903B, 0x213E},
  {0x903C, 0x1025},
  {0x903E, 0x3241},
  {0x9041, 0x153C},
  {0x9042, 0x2A4B},
  {0x9044, 0x4436},
  {0x9047, 0x3255},
  {0x904D, 0x1048},
  {0x904F, 0x1553},
  {0x9050, 0x4439},
  {0x9051, 0x4437},
  {0x9052, 0x4438},
  {0x9053, 0x141F},
  {0x9057, 0x3124},
  {0x9058, 0x443B},
  {0x905B, 0x443D},
  {0x9062, 0x443C},
  {0x9063, 0x2611},
  {0x9065, 0x3102},
  {0x9068, 0x443A},
  {0x906D, 0x3341},
  {0x906E, 0x3439},
  {0x9074, 0x443F},
  {0x9075, 0x3650},
  {0x907D, 0x4440},
  {0x907F, 0x103B},
  {0x9080, 0x305A},
  {0x9082, 0x4441},
  {0x9083, 0x4443},
  {0x9088, 0x4442},
  {0x908B, 0x4444},
  {0x9091, 0x3137},
  {0x9093, 0x142A},
  {0x9095, 0x463E},
  {0x9097, 0x3954},
  {0x9099, 0x3957},
  {0x909B, 0x3955},
  {0x909D, 0x3956},
  {0x90A1, 0x3959},
  {0x90A2, 0x2F2E},
  {0x90A3, 0x2326},
  {0x90A6, 0x0F4D},
  {0x90AA, 0x2F0F},
  {0x90AC, 0x3958},
  {0x90AE, 0x3229},
  {0x90AF, 0x1909},
  {0x90B0, 0x3A01},
  {0x90B1, 0x2650},
  {0x90B3, 0x395B},
  {0x90B4, 0x395A},
  {0x90B5, 0x283A},
  {0x90B6, 0x395C},
  {0x90B8, 0x3A00},
  {0x90B9, 0x363D},
  {0x90BA, 0x395D},
  {0x90BB, 0x2039},
  {0x90BE, 0x3A04},
  {0x90C1, 0x3253},
  {0x90C4, 0x3A06},
  {0x90C5, 0x3A03},
  {0x90C7, 0x3A07},
  {0x90CA, 0x1C1B},
  {0x90CE, 0x1F28},
  {0x90CF, 0x3A02},
  {0x90D0, 0x3A05},
  {0x90D1, 0x3502},
  {0x90D3, 0x3A08},
  {0x90D7, 0x3A0C},
  {0x90DB, 0x3A0D},
  {0x90DC, 0x3A0B},
  {0x90DD, 0x1921},
  {0x90E1, 0x1E03},
  {0x90E2, 0x3A0A},
  {0x90E6, 0x3A09},
  {0x90E7, 0x3326},
  {0x90E8, 0x111E},
  {0x90EB, 0x3A0E},
  {0x90ED, 0x1858},
  {0x90EF, 0x3A0F},
  {0x90F4, 0x121A},
  {0x90F8, 0x1405},
  {0x90FD, 0x151B},
  {0x90FE, 0x3A10},
  {0x9102, 0x1554},
  {0x9104, 0x3A11},
  {0x9119, 0x1028},
  {0x911E, 0x3A13},
  {0x9122, 0x3A12},
  {0x9123, 0x3A14},
  {0x912F, 0x3A16},
  {0x9131, 0x3A15},
  {0x9139, 0x3A17},
  {0x9143, 0x3A18},
  {0x9146, 0x3A19},
  {0x9149, 0x322E},
  {0x914A, 0x5359},
  {0x914B, 0x2654},
  {0x914C, 0x3622},
  {0x914D, 0x2443},
  {0x914E, 0x535B},
  {0x914F, 0x535C},
  {0x9150, 0x535A},
  {0x9152, 0x1D25},
  {0x9157, 0x2F4E},
  {0x915A, 0x1632},
  {0x915D, 0x332C},
  {0x915E, 0x2B09},
  {0x9161, 0x5401},
  {0x9162, 0x5400},
  {0x9163, 0x1907},
  {0x9164, 0x535D},
  {0x9165, 0x2A35},
  {0x9169, 0x5403},
  {0x916A, 0x1F31},
  {0x916C, 0x1249},
  {0x916E, 0x2C09},
  {0x916F, 0x5404},
  {0x9170, 0x5402},
  {0x9171, 0x1C13},
  {0x9172, 0x5407},
  {0x9174, 0x5408},
  {0x9175, 0x1C2C},
  {0x9176, 0x2217},
  {0x9177, 0x1E40},
  {0x9178, 0x2A40},
  {0x9179, 0x5409},
  {0x917D, 0x5405},
  {0x917E, 0x5406},
  {0x917F, 0x234F},
  {0x9185, 0x540B},
  {0x9187, 0x131B},
  {0x9189, 0x364C},
  {0x918B, 0x1336},
  {0x918C, 0x540A},
  {0x918D, 0x540D},
  {0x9190, 0x540C},
  {0x9191, 0x540E},
  {0x9192, 0x2F30},
  {0x919A, 0x2230},
  {0x919B, 0x2708},
  {0x91A2, 0x540F},
  {0x91A3, 0x5410},
  {0x91AA, 0x5411},
  {0x91AD, 0x5412},
  {0x91AE, 0x5413},
  {0x91AF, 0x5414},
  {0x91B4, 0x5416},
  {0x91B5, 0x5415},
  {0x91BA, 0x5417},
  {0x91C7, 0x1128},
  {0x91C9, 0x3233},
  {0x91CA, 0x292C},
  {0x91CC, 0x1F4E},
  {0x91CD, 0x3537},
  {0x91CE, 0x310F},
  {0x91CF, 0x201E},
  {0x91D1, 0x1C4F},
  {0x91DC, 0x1709},
  {0x9274, 0x1B57},
  {0x928E, 0x5525},
  {0x92AE, 0x5526},
  {0x92C8, 0x5527},
  {0x933E, 0x5528},
  {0x936A, 0x5529},
  {0x938F, 0x552B},
  {0x93CA, 0x552A},
  {0x93D6, 0x5648},
  {0x943E, 0x552C},
  {0x946B, 0x552D},
  {0x9485, 0x4D23},
  {0x9486, 0x4D24},
  {0x9487, 0x4D25},
  {0x9488, 0x344A},
  {0x9489, 0x1503},
  {0x948A, 0x4D27},
  {0x948B, 0x4D26},
  {0x948C, 0x4D28},
  {0x948D, 0x4D29},
  {0x948E, 0x2604},
  {0x948F, 0x4D2A},
  {0x9490, 0x4D2B},
  {0x9492, 0x160F},
  {0x9493, 0x1455},
  {0x9494, 0x4D2C},
  {0x9495, 0x4D2E},
  {0x9497, 0x4D2D},
  {0x9499, 0x1725},
  {0x949A, 0x4D2F},
  {0x949B, 0x4D30},
  {0x949C, 0x4D31},
  {0x949D, 0x153A},
  {0x949E, 0x120D},
  {0x949F, 0x3532},
  {0x94A0, 0x2325},
  {0x94A1, 0x1014},
  {0x94A2, 0x1735},
  {0x94A3, 0x4D32},
  {0x94A4, 0x4D33},
  {0x94A5, 0x331E},
  {0x94A6, 0x2634},
  {0x94A7, 0x1D5A},
  {0x94A8, 0x2D38},
  {0x94A9, 0x1812},
  {0x94AA, 0x4D35},
  {0x94AB, 0x4D34},
  {0x94AC, 0x4D37},
  {0x94AD, 0x4D36},
  {0x94AE, 0x2404},
  {0x94AF, 0x4D38},
  {0x94B0, 0x4D39},
  {0x94B1, 0x260D},
  {0x94B2, 0x4D3A},
  {0x94B3, 0x260E},
  {0x94B4, 0x4D3B},
  {0x94B5, 0x1106},
  {0x94B6, 0x4D3C},
  {0x94B7, 0x4D3D},
  {0x94B8, 0x4D3E},
  {0x94B9, 0x4D3F},
  {0x94BA, 0x4D40},
  {0x94BB, 0x3649},
  {0x94BC, 0x4D41},
  {0x94BD, 0x4D42},
  {0x94BE, 0x1B37},
  {0x94BF, 0x4D43},
  {0x94C0, 0x322A},
  {0x94C1, 0x2B59},
  {0x94C2, 0x110B},
  {0x94C3, 0x2044},
  {0x94C4, 0x4D44},
  {0x94C5, 0x2605},
  {0x94C6, 0x220C},
  {0x94C8, 0x4D45},
  {0x94C9, 0x4D46},
  {0x94CA, 0x4D47},
  {0x94CB, 0x4D48},
  {0x94CC, 0x4D49},
  {0x94CD, 0x4D4A},
  {0x94CE, 0x4D4B},
  {0x94D0, 0x4D4C},
  {0x94D1, 0x4D4D},
  {0x94D2, 0x4D4E},
  {0x94D5, 0x4D4F},
  {0x94D6, 0x4D50},
  {0x94D7, 0x4D51},
  {0x94D8, 0x4D53},
  {0x94D9, 0x4D52},
  {0x94DB, 0x4D54},
  {0x94DC, 0x2C0C},
  {0x94DD, 0x2120},
  {0x94DE, 0x4D55},
  {0x94DF, 0x4D56},
  {0x94E0, 0x4D57},
  {0x94E1, 0x3400},
  {0x94E2, 0x4D58},
  {0x94E3, 0x2E12},
  {0x94E4, 0x4D59},
  {0x94E5, 0x4D5A},
  {0x94E7, 0x4D5B},
  {0x94E8, 0x4D5C},
  {0x94E9, 0x4E00},
  {0x94EA, 0x4D5D},
  {0x94EB, 0x4E01},
  {0x94EC, 0x1754},
  {0x94ED, 0x2259},
  {0x94EE, 0x4E02},
  {0x94EF, 0x4E03},
  {0x94F0, 0x1C21},
  {0x94F1, 0x311E},
  {0x94F2, 0x1158},
  {0x94F3, 0x4E04},
  {0x94F4, 0x4E05},
  {0x94F5, 0x4E06},
  {0x94F6, 0x3157},
  {0x94F7, 0x4E07},
  {0x94F8, 0x355C},
  {0x94F9, 0x4E08},
  {0x94FA, 0x252B},
  {0x94FC, 0x4E09},
  {0x94FD, 0x4E0A},
  {0x94FE, 0x2013},
  {0x94FF, 0x4E0B},
  {0x9500, 0x2E59},
  {0x9501, 0x2A57},
  {0x9502, 0x4E0D},
  {0x9503, 0x4E0C},
  {0x9504, 0x1259},
  {0x9505, 0x1857},
  {0x9506, 0x4E0E},
  {0x9507, 0x4E0F},
  {0x9508, 0x2F41},
  {0x9509, 0x4E10},
  {0x950A, 0x4E11},
  {0x950B, 0x1645},
  {0x950C, 0x2F1E},
  {0x950D, 0x4E12},
  {0x950E, 0x4E13},
  {0x950F, 0x4E14},
  {0x9510, 0x2750},
  {0x9511, 0x2B3F},
  {0x9512, 0x4E15},
  {0x9513, 0x4E16},
  {0x9514, 0x4E17},
  {0x9515, 0x4E18},
  {0x9516, 0x4E19},
  {0x9517, 0x343F},
  {0x9518, 0x4E1A},
  {0x9519, 0x134C},
  {0x951A, 0x2209},
  {0x951B, 0x4E1B},
  {0x951D, 0x4E1C},
  {0x951E, 0x4E1D},
  {0x951F, 0x4E1E},
  {0x9521, 0x2D5C},
  {0x9522, 0x4E1F},
  {0x9523, 0x213F},
  {0x9524, 0x1317},
  {0x9525, 0x3615},
  {0x9526, 0x1C54},
  {0x9528, 0x2E26},
  {0x9529, 0x4E22},
  {0x952A, 0x4E20},
  {0x952B, 0x4E21},
  {0x952C, 0x4E23},
  {0x952D, 0x1506},
  {0x952E, 0x1B5B},
  {0x952F, 0x1D41},
  {0x9530, 0x222B},
  {0x9531, 0x4E24},
  {0x9532, 0x4E25},
  {0x9534, 0x4E26},
  {0x9535, 0x4E2E},
  {0x9536, 0x4E27},
  {0x9537, 0x4E28},
  {0x9538, 0x4E29},
  {0x9539, 0x2621},
  {0x953A, 0x4E50},
  {0x953B, 0x152C},
  {0x953C, 0x4E2A},
  {0x953E, 0x4E2B},
  {0x953F, 0x4E2C},
  {0x9540, 0x1525},
  {0x9541, 0x221D},
  {0x9542, 0x4E2D},
  {0x9544, 0x4E2F},
  {0x9545, 0x4E30},
  {0x9546, 0x4E31},
  {0x9547, 0x3451},
  {0x9549, 0x4E32},
  {0x954A, 0x2356},
  {0x954C, 0x4E33},
  {0x954D, 0x2357},
  {0x954E, 0x4E34},
  {0x954F, 0x4E35},
  {0x9550, 0x1743},
  {0x9551, 0x0F56},
  {0x9552, 0x4E36},
  {0x9553, 0x4E37},
  {0x9554, 0x4E38},
  {0x9556, 0x4E39},
  {0x9557, 0x4E3A},
  {0x9558, 0x4E3B},
  {0x9559, 0x4E3C},
  {0x955B, 0x4E3D},
  {0x955C, 0x1D14},
  {0x955D, 0x4E40},
  {0x955E, 0x4E3E},
  {0x955F, 0x4E3F},
  {0x9561, 0x4E41},
  {0x9562, 0x4E42},
  {0x9563, 0x202C},
  {0x9564, 0x4E43},
  {0x9565, 0x4E44},
  {0x9566, 0x4E45},
  {0x9567, 0x4E46},
  {0x9568, 0x4E47},
  {0x9569, 0x4E48},
  {0x956A, 0x4E49},
  {0x956B, 0x4E4A},
  {0x956C, 0x4E4B},
  {0x956D, 0x1F37},
  {0x956F, 0x4E4C},
  {0x9570, 0x200C},
  {0x9571, 0x4E4D},
  {0x9572, 0x4E4E},
  {0x9573, 0x4E4F},
  {0x9576, 0x2E41},
  {0x957F, 0x1203},
  {0x95E8, 0x2224},
  {0x95E9, 0x4224},
  {0x95EA, 0x2820},
  {0x95EB, 0x4225},
  {0x95ED, 0x1034},
  {0x95EE, 0x2D29},
  {0x95EF, 0x1312},
  {0x95F0, 0x2751},
  {0x95F1, 0x4226},
  {0x95F2, 0x2E2F},
  {0x95F3, 0x4227},
  {0x95F4, 0x1B43},
  {0x95F5, 0x4228},
  {0x95F6, 0x4229},
  {0x95F7, 0x2225},
  {0x95F8, 0x3401},
  {0x95F9, 0x2335},
  {0x95FA, 0x184A},
  {0x95FB, 0x2D24},
  {0x95FC, 0x422A},
  {0x95FD, 0x2255},
  {0x95FE, 0x422B},
  {0x9600, 0x1606},
  {0x9601, 0x1752},
  {0x9602, 0x1931},
  {0x9603, 0x422C},
  {0x9604, 0x422D},
  {0x9605, 0x3323},
  {0x9606, 0x422E},
  {0x9608, 0x422F},
  {0x9609, 0x302A},
  {0x960A, 0x4230},
  {0x960B, 0x4231},
  {0x960C, 0x4232},
  {0x960D, 0x4233},
  {0x960E, 0x3035},
  {0x960F, 0x4234},
  {0x9610, 0x115A},
  {0x9611, 0x1F1A},
  {0x9612, 0x4235},
  {0x9614, 0x1F0A},
  {0x9615, 0x4236},
  {0x9616, 0x4237},
  {0x9617, 0x4238},
  {0x9619, 0x4239},
  {0x961A, 0x423A},
  {0x961C, 0x1716},
  {0x961D, 0x3941},
  {0x961F, 0x1532},
  {0x9621, 0x3943},
  {0x9622, 0x3942},
  {0x962A, 0x3945},
  {0x962E, 0x274D},
  {0x9631, 0x3944},
  {0x9632, 0x161F},
  {0x9633, 0x3053},
  {0x9634, 0x3154},
  {0x9635, 0x3452},
  {0x9636, 0x1C36},
  {0x963B, 0x3647},
  {0x963C, 0x3947},
  {0x963D, 0x3946},
  {0x963F, 0x0F01},
  {0x9640, 0x2C32},
  {0x9642, 0x3948},
  {0x9644, 0x171C},
  {0x9645, 0x1B29},
  {0x9646, 0x211C},
  {0x9647, 0x2103},
  {0x9648, 0x1221},
  {0x9649, 0x3949},
  {0x964B, 0x2109},
  {0x964C, 0x230F},
  {0x964D, 0x1C14},
  {0x9650, 0x2E3D},
  {0x9654, 0x394A},
  {0x9655, 0x2821},
  {0x965B, 0x103C},
  {0x965F, 0x394B},
  {0x9661, 0x1517},
  {0x9662, 0x3319},
  {0x9664, 0x125C},
  {0x9667, 0x394C},
  {0x9668, 0x3328},
  {0x9669, 0x2E34},
  {0x966A, 0x2442},
  {0x966C, 0x394D},
  {0x9672, 0x394E},
  {0x9674, 0x394F},
  {0x9675, 0x2049},
  {0x9676, 0x2B34},
  {0x9677, 0x2E3C},
  {0x9685, 0x3246},
  {0x9686, 0x2100},
  {0x9688, 0x3950},
  {0x968B, 0x2A44},
  {0x968D, 0x3951},
  {0x968F, 0x2A45},
  {0x9690, 0x315D},
  {0x9694, 0x1753},
  {0x9697, 0x3952},
  {0x9698, 0x0F0E},
  {0x9699, 0x2E15},
  {0x969C, 0x342E},
  {0x96A7, 0x2A4C},
  {0x96B0, 0x3953},
  {0x96B3, 0x4223},
  {0x96B6, 0x2004},
  {0x96B9, 0x551E},
  {0x96BC, 0x551F},
  {0x96BD, 0x5520},
  {0x96BE, 0x2330},
  {0x96C0, 0x2717},
  {0x96C1, 0x3042},
  {0x96C4, 0x2F3A},
  {0x96C5, 0x3024},
  {0x96C6, 0x1B0E},
  {0x96C7, 0x182C},
  {0x96C9, 0x4E53},
  {0x96CC, 0x1325},
  {0x96CD, 0x3219},
  {0x96CE, 0x5521},
  {0x96CF, 0x125A},
  {0x96D2, 0x5522},
  {0x96D5, 0x1450},
  {0x96E0, 0x5524},
  {0x96E8, 0x3249},
  {0x96E9, 0x5506},
  {0x96EA, 0x3008},
  {0x96EF, 0x5508},
  {0x96F3, 0x5507},
  {0x96F6, 0x2042},
  {0x96F7, 0x1F36},
  {0x96F9, 0x1001},
  {0x96FE, 0x2D4C},
  {0x9700, 0x2F47},
  {0x9701, 0x550A},
  {0x9704, 0x2E55},
  {0x9706, 0x5509},
  {0x9707, 0x344F},
  {0x9708, 0x550B},
  {0x9709, 0x2218},
  {0x970D, 0x1A53},
  {0x970E, 0x550D},
  {0x970F, 0x550C},
  {0x9713, 0x233D},
  {0x9716, 0x2037},
  {0x971C, 0x2A09},
  {0x971E, 0x2E1B},
  {0x972A, 0x550E},
  {0x972D, 0x550F},
  {0x9730, 0x5510},
  {0x9732, 0x2115},
  {0x9738, 0x0F33},
  {0x9739, 0x2458},
  {0x973E, 0x5511},
  {0x9752, 0x263F},
  {0x9753, 0x5505},
  {0x9756, 0x1D17},
  {0x9759, 0x1D11},
  {0x975B, 0x1444},
  {0x975E, 0x1626},
  {0x9760, 0x1E1E},
  {0x9761, 0x2231},
  {0x9762, 0x2245},
  {0x9765, 0x372B},
  {0x9769, 0x174E},
  {0x9773, 0x1C58},
  {0x9774, 0x3004},
  {0x9776, 0x0F2F},
  {0x977C, 0x560F},
  {0x9785, 0x5610},
  {0x978B, 0x2F0B},
  {0x978D, 0x0F0F},
  {0x9791, 0x5611},
  {0x9792, 0x5612},
  {0x9794, 0x5613},
  {0x9798, 0x2629},
  {0x97A0, 0x1D2E},
  {0x97A3, 0x5616},
  {0x97AB, 0x5615},
  {0x97AD, 0x103D},
  {0x97AF, 0x5614},
  {0x97B2, 0x5617},
  {0x97B4, 0x5618},
  {0x97E6, 0x2D03},
  {0x97E7, 0x272C},
  {0x97E9, 0x190A},
  {0x97EA, 0x4717},
  {0x97EB, 0x4718},
  {0x97EC, 0x4719},
  {0x97ED, 0x1D21},
  {0x97F3, 0x3153},
  {0x97F5, 0x332E},
  {0x97F6, 0x2837},
  {0x9875, 0x3112},
  {0x9876, 0x1504},
  {0x9877, 0x2649},
  {0x9878, 0x505B},
  {0x9879, 0x2E4D},
  {0x987A, 0x2A12},
  {0x987B, 0x2F4A},
  {0x987C, 0x464E},
  {0x987D, 0x2C46},
  {0x987E, 0x182A},
  {0x987F, 0x1538},
  {0x9880, 0x505C},
  {0x9881, 0x0F43},
  {0x9882, 0x2A2B},
  {0x9883, 0x505D},
  {0x9884, 0x3303},
  {0x9885, 0x210C},
  {0x9886, 0x204B},
  {0x9887, 0x2523},
  {0x9888, 0x1D10},
  {0x9889, 0x5100},
  {0x988A, 0x1B34},
  {0x988C, 0x5101},
  {0x988D, 0x5102},
  {0x988F, 0x5103},
  {0x9890, 0x3122},
  {0x9891, 0x2514},
  {0x9893, 0x2C26},
  {0x9894, 0x5104},
  {0x9896, 0x3210},
  {0x9897, 0x1E24},
  {0x9898, 0x2B41},
  {0x989A, 0x5105},
  {0x989B, 0x5106},
  {0x989C, 0x3034},
  {0x989D, 0x154D},
  {0x989E, 0x5107},
  {0x989F, 0x5108},
  {0x98A0, 0x143E},
  {0x98A1, 0x5109},
  {0x98A2, 0x510A},
  {0x98A4, 0x115B},
  {0x98A5, 0x510B},
  {0x98A6, 0x510C},
  {0x98A7, 0x2706},
  {0x98CE, 0x1646},
  {0x98D1, 0x4B08},
  {0x98D2, 0x4B09},
  {0x98D3, 0x4B0A},
  {0x98D5, 0x4B0B},
  {0x98D8, 0x250D},
  {0x98D9, 0x4B0C},
  {0x98DA, 0x4B0D},
  {0x98DE, 0x1628},
  {0x98DF, 0x2912},
  {0x98E7, 0x4117},
  {0x98E8, 0x562E},
  {0x990D, 0x562F},
  {0x9910, 0x112C},
  {0x992E, 0x5630},
  {0x9954, 0x5632},
  {0x9955, 0x5631},
  {0x9963, 0x411A},
  {0x9965, 0x1B01},
  {0x9967, 0x411B},
  {0x9968, 0x411C},
  {0x9969, 0x411D},
  {0x996A, 0x411E},
  {0x996B, 0x411F},
  {0x996C, 0x4120},
  {0x996D, 0x1618},
  {0x996E, 0x315A},
  {0x996F, 0x1C03},
  {0x9970, 0x292D},
  {0x9971, 0x1004},
  {0x9972, 0x2A26},
  {0x9974, 0x4121},
  {0x9975, 0x155B},
  {0x9976, 0x2723},
  {0x9977, 0x4122},
  {0x997A, 0x1C27},
  {0x997C, 0x105C},
  {0x997D, 0x4123},
  {0x997F, 0x1555},
  {0x9980, 0x4124},
  {0x9981, 0x2338},
  {0x9984, 0x4125},
  {0x9985, 0x2E39},
  {0x9986, 0x183C},
  {0x9987, 0x4126},
  {0x9988, 0x1F00},
  {0x998A, 0x4127},
  {0x998B, 0x1155},
  {0x998D, 0x4128},
  {0x998F, 0x2052},
  {0x9990, 0x4129},
  {0x9991, 0x412A},
  {0x9992, 0x2157},
  {0x9993, 0x412B},
  {0x9994, 0x412C},
  {0x9995, 0x412D},
  {0x9996, 0x2936},
  {0x9997, 0x3717},
  {0x9998, 0x3844},
  {0x9999, 0x2E42},
  {0x99A5, 0x4F04},
  {0x99A8, 0x3B0F},
  {0x9A6C, 0x214C},
  {0x9A6D, 0x3305},
  {0x9A6E, 0x2C33},
  {0x9A6F, 0x3010},
  {0x9A70, 0x123A},
  {0x9A71, 0x265C},
  {0x9A73, 0x1114},
  {0x9A74, 0x211E},
  {0x9A75, 0x453F},
  {0x9A76, 0x291A},
  {0x9A77, 0x4540},
  {0x9A78, 0x4541},
  {0x9A79, 0x1D33},
  {0x9A7A, 0x4542},
  {0x9A7B, 0x3603},
  {0x9A7C, 0x2C34},
  {0x9A7D, 0x4544},
  {0x9A7E, 0x1B3C},
  {0x9A7F, 0x4543},
  {0x9A80, 0x4545},
  {0x9A81, 0x4546},
  {0x9A82, 0x214D},
  {0x9A84, 0x1C1D},
  {0x9A85, 0x4547},
  {0x9A86, 0x2145},
  {0x9A87, 0x1906},
  {0x9A88, 0x4548},
  {0x9A8A, 0x4549},
  {0x9A8B, 0x1231},
  {0x9A8C, 0x3048},
  {0x9A8F, 0x1E04},
  {0x9A90, 0x454A},
  {0x9A91, 0x254E},
  {0x9A92, 0x454B},
  {0x9A93, 0x454C},
  {0x9A96, 0x454D},
  {0x9A97, 0x250C},
  {0x9A98, 0x454E},
  {0x9A9A, 0x2806},
  {0x9A9B, 0x454F},
  {0x9A9C, 0x4550},
  {0x9A9D, 0x4551},
  {0x9A9E, 0x4418},
  {0x9A9F, 0x4552},
  {0x9AA0, 0x4553},
  {0x9AA1, 0x2141},
  {0x9AA2, 0x4554},
  {0x9AA3, 0x4555},
  {0x9AA4, 0x3547},
  {0x9AA5, 0x4556},
  {0x9AA7, 0x4557},
  {0x9AA8, 0x1826},
  {0x9AB0, 0x561A},
  {0x9AB1, 0x5619},
  {0x9AB6, 0x561D},
  {0x9AB7, 0x561B},
  {0x9AB8, 0x1900},
  {0x9ABA, 0x561E},
  {0x9ABC, 0x561F},
  {0x9AC0, 0x5621},
  {0x9AC1, 0x5620},
  {0x9AC2, 0x5623},
  {0x9AC5, 0x5622},
  {0x9ACB, 0x5624},
  {0x9ACC, 0x5625},
  {0x9AD1, 0x5626},
  {0x9AD3, 0x2A47},
  {0x9AD8, 0x173E},
  {0x9ADF, 0x5633},
  {0x9AE1, 0x5634},
  {0x9AE6, 0x5635},
  {0x9AEB, 0x5637},
  {0x9AED, 0x5639},
  {0x9AEF, 0x5636},
  {0x9AF9, 0x563A},
  {0x9AFB, 0x5638},
  {0x9B03, 0x3636},
  {0x9B08, 0x563B},
  {0x9B0F, 0x563C},
  {0x9B13, 0x563D},
  {0x9B1F, 0x563E},
  {0x9B23, 0x563F},
  {0x9B2F, 0x3A2A},
  {0x9B32, 0x3709},
  {0x9B3B, 0x4456},
  {0x9B3C, 0x184C},
  {0x9B41, 0x1E5C},
  {0x9B42, 0x1A49},
  {0x9B43, 0x5628},
  {0x9B44, 0x2526},
  {0x9B45, 0x5627},
  {0x9B47, 0x5629},
  {0x9B48, 0x562B},
  {0x9B49, 0x562A},
  {0x9B4D, 0x562C},
  {0x9B4F, 0x2D19},
  {0x9B51, 0x562D},
  {0x9B54, 0x2306},
  {0x9C7C, 0x3242},
  {0x9C7F, 0x552E},
  {0x9C81, 0x2112},
  {0x9C82, 0x552F},
  {0x9C85, 0x5530},
  {0x9C86, 0x5531},
  {0x9C87, 0x5532},
  {0x9C88, 0x5533},
  {0x9C8B, 0x5535},
  {0x9C8D, 0x100A},
  {0x9C8E, 0x5536},
  {0x9C90, 0x5537},
  {0x9C91, 0x5538},
  {0x9C92, 0x5539},
  {0x9C94, 0x553A},
  {0x9C95, 0x553B},
  {0x9C9A, 0x553C},
  {0x9C9B, 0x553D},
  {0x9C9C, 0x2E29},
  {0x9C9E, 0x553E},
  {0x9C9F, 0x553F},
  {0x9CA0, 0x5540},
  {0x9CA1, 0x5541},
  {0x9CA2, 0x5542},
  {0x9CA3, 0x5543},
  {0x9CA4, 0x1F4F},
  {0x9CA5, 0x5544},
  {0x9CA6, 0x5545},
  {0x9CA7, 0x5546},
  {0x9CA8, 0x5547},
  {0x9CA9, 0x5548},
  {0x9CAB, 0x5549},
  {0x9CAD, 0x554A},
  {0x9CAE, 0x554B},
  {0x9CB0, 0x554C},
  {0x9CB1, 0x554D},
  {0x9CB2, 0x554E},
  {0x9CB3, 0x554F},
  {0x9CB4, 0x5550},
  {0x9CB5, 0x5551},
  {0x9CB6, 0x5552},
  {0x9CB7, 0x5553},
  {0x9CB8, 0x1D07},
  {0x9CBA, 0x5554},
  {0x9CBB, 0x5555},
  {0x9CBC, 0x5556},
  {0x9CBD, 0x5557},
  {0x9CC3, 0x2759},
  {0x9CC4, 0x5558},
  {0x9CC5, 0x5559},
  {0x9CC6, 0x555A},
  {0x9CC7, 0x555B},
  {0x9CCA, 0x555C},
  {0x9CCB, 0x555D},
  {0x9CCC, 0x5600},
  {0x9CCD, 0x5601},
  {0x9CCE, 0x5602},
  {0x9CCF, 0x5603},
  {0x9CD0, 0x5604},
  {0x9CD3, 0x5605},
  {0x9CD4, 0x5606},
  {0x9CD5, 0x5607},
  {0x9CD6, 0x104D},
  {0x9CD7, 0x5608},
  {0x9CD8, 0x5609},
  {0x9CD9, 0x560A},
  {0x9CDC, 0x560B},
  {0x9CDD, 0x560C},
  {0x9CDE, 0x203A},
  {0x9CDF, 0x560D},
  {0x9CE2, 0x560E},
  {0x9E1F, 0x2350},
  {0x9E20, 0x4F0E},
  {0x9E21, 0x1B05},
  {0x9E22, 0x4F0F},
  {0x9E23, 0x2258},
  {0x9E25, 0x2417},
  {0x9E26, 0x301A},
  {0x9E28, 0x4F10},
  {0x9E29, 0x4F11},
  {0x9E2A, 0x4F12},
  {0x9E2B, 0x4F13},
  {0x9E2C, 0x4F14},
  {0x9E2D, 0x301B},
  {0x9E2F, 0x304B},
  {0x9E31, 0x4F16},
  {0x9E32, 0x4F15},
  {0x9E33, 0x3306},
  {0x9E35, 0x2C31},
  {0x9E36, 0x4F17},
  {0x9E37, 0x4F19},
  {0x9E38, 0x4F18},
  {0x9E39, 0x4F1A},
  {0x9E3A, 0x4F1B},
  {0x9E3D, 0x174A},
  {0x9E3E, 0x4F1C},
  {0x9E3F, 0x1947},
  {0x9E41, 0x4F1D},
  {0x9E42, 0x4F1E},
  {0x9E43, 0x1D48},
  {0x9E44, 0x4F1F},
  {0x9E45, 0x154B},
  {0x9E46, 0x4F20},
  {0x9E47, 0x4F21},
  {0x9E48, 0x4F22},
  {0x9E49, 0x4F23},
  {0x9E4A, 0x2714},
  {0x9E4B, 0x4F24},
  {0x9E4C, 0x4F25},
  {0x9E4E, 0x4F26},
  {0x9E4F, 0x2453},
  {0x9E51, 0x4F27},
  {0x9E55, 0x4F28},
  {0x9E57, 0x4F29},
  {0x9E58, 0x561C},
  {0x9E5A, 0x4F2A},
  {0x9E5B, 0x4F2B},
  {0x9E5C, 0x4F2C},
  {0x9E5E, 0x4F2D},
  {0x9E63, 0x4F2E},
  {0x9E64, 0x1936},
  {0x9E66, 0x4F2F},
  {0x9E67, 0x4F30},
  {0x9E68, 0x4F31},
  {0x9E69, 0x4F32},
  {0x9E6A, 0x4F33},
  {0x9E6B, 0x4F34},
  {0x9E6C, 0x4F35},
  {0x9E6D, 0x4F37},
  {0x9E70, 0x3204},
  {0x9E71, 0x4F36},
  {0x9E73, 0x4F38},
  {0x9E7E, 0x5419},
  {0x9E7F, 0x2118},
  {0x9E82, 0x5643},
  {0x9E87, 0x5644},
  {0x9E88, 0x5645},
  {0x9E8B, 0x5646},
  {0x9E92, 0x5647},
  {0x9E93, 0x2113},
  {0x9E9D, 0x5649},
  {0x9E9F, 0x564A},
  {0x9EA6, 0x2152},
  {0x9EB4, 0x534F},
  {0x9EB8, 0x534E},
  {0x9EBB, 0x2148},
  {0x9EBD, 0x5640},
  {0x9EBE, 0x5641},
  {0x9EC4, 0x1A25},
  {0x9EC9, 0x3843},
  {0x9ECD, 0x2951},
  {0x9ECE, 0x1F47},
  {0x9ECF, 0x4F03},
  {0x9ED1, 0x1939},
  {0x9ED4, 0x260C},
  {0x9ED8, 0x230B},
  {0x9EDB, 0x564B},
  {0x9EDC, 0x564C},
  {0x9EDD, 0x564D},
  {0x9EDF, 0x564F},
  {0x9EE0, 0x564E},
  {0x9EE2, 0x5650},
  {0x9EE5, 0x5653},
  {0x9EE7, 0x5652},
  {0x9EE9, 0x5651},
  {0x9EEA, 0x5654},
  {0x9EEF, 0x5655},
  {0x9EF9, 0x4C48},
  {0x9EFB, 0x4C49},
  {0x9EFC, 0x4C4A},
  {0x9EFE, 0x551B},
  {0x9F0B, 0x551C},
  {0x9F0D, 0x551D},
  {0x9F0E, 0x1505},
  {0x9F10, 0x371D},
  {0x9F13, 0x1823},
  {0x9F17, 0x371A},
  {0x9F19, 0x3B10},
  {0x9F20, 0x2952},
  {0x9F22, 0x5656},
  {0x9F2C, 0x5657},
  {0x9F2F, 0x5658},
  {0x9F37, 0x565A},
  {0x9F39, 0x5659},
  {0x9F3B, 0x1026},
  {0x9F3D, 0x565B},
  {0x9F3E, 0x565C},
  {0x9F44, 0x565D},
  {0x9F50, 0x254A},
  {0x9F51, 0x4B13},
  {0x9F7F, 0x123C},
  {0x9F80, 0x5512},
  {0x9F83, 0x5513},
  {0x9F84, 0x2043},
  {0x9F85, 0x5514},
  {0x9F86, 0x5515},
  {0x9F87, 0x5516},
  {0x9F88, 0x5517},
  {0x9F89, 0x5518},
  {0x9F8A, 0x5519},
  {0x9F8B, 0x2702},
  {0x9F8C, 0x551A},
  {0x9F99, 0x2059},
  {0x9F9A, 0x1807},
  {0x9F9B, 0x4C47},
  {0x9F9F, 0x1849},
  {0x9FA0, 0x383E},
  {0xFF01, 0x0200},
  {0xFF02, 0x0201},
  {0xFF03, 0x0202},
  {0xFF04, 0x0046},
  {0xFF05, 0x0204},
  {0xFF06, 0x0205},
  {0xFF07, 0x0206},
  {0xFF08, 0x0207},
  {0xFF09, 0x0208},
  {0xFF0A, 0x0209},
  {0xFF0B, 0x020A},
  {0xFF0C, 0x020B},
  {0xFF0D, 0x020C},
  {0xFF0E, 0x020D},
  {0xFF0F, 0x020E},
  {0xFF10, 0x020F},
  {0xFF11, 0x0210},
  {0xFF12, 0x0211},
  {0xFF13, 0x0212},
  {0xFF14, 0x0213},
  {0xFF15, 0x0214},
  {0xFF16, 0x0215},
  {0xFF17, 0x0216},
  {0xFF18, 0x0217},
  {0xFF19, 0x0218},
  {0xFF1A, 0x0219},
  {0xFF1B, 0x021A},
  {0xFF1C, 0x021B},
  {0xFF1D, 0x021C},
  {0xFF1E, 0x021D},
  {0xFF1F, 0x021E},
  {0xFF20, 0x021F},
  {0xFF21, 0x0220},
  {0xFF22, 0x0221},
  {0xFF23, 0x0222},
  {0xFF24, 0x0223},
  {0xFF25, 0x0224},
  {0xFF26, 0x0225},
  {0xFF27, 0x0226},
  {0xFF28, 0x0227},
  {0xFF29, 0x0228},
  {0xFF2A, 0x0229},
  {0xFF2B, 0x022A},
  {0xFF2C, 0x022B},
  {0xFF2D, 0x022C},
  {0xFF2E, 0x022D},
  {0xFF2F, 0x022E},
  {0xFF30, 0x022F},
  {0xFF31, 0x0230},
  {0xFF32, 0x0231},
  {0xFF33, 0x0232},
  {0xFF34, 0x0233},
  {0xFF35, 0x0234},
  {0xFF36, 0x0235},
  {0xFF37, 0x0236},
  {0xFF38, 0x0237},
  {0xFF39, 0x0238},
  {0xFF3A, 0x0239},
  {0xFF3B, 0x023A},
  {0xFF3C, 0x023B},
  {0xFF3D, 0x023C},
  {0xFF3E, 0x023D},
  {0xFF3F, 0x023E},
  {0xFF40, 0x023F},
  {0xFF41, 0x0240},
  {0xFF42, 0x0241},
  {0xFF43, 0x0242},
  {0xFF44, 0x0243},
  {0xFF45, 0x0244},
  {0xFF46, 0x0245},
  {0xFF47, 0x0246},
  {0xFF48, 0x0247},
  {0xFF49, 0x0248},
  {0xFF4A, 0x0249},
  {0xFF4B, 0x024A},
  {0xFF4C, 0x024B},
  {0xFF4D, 0x024C},
  {0xFF4E, 0x024D},
  {0xFF4F, 0x024E},
  {0xFF50, 0x024F},
  {0xFF51, 0x0250},
  {0xFF52, 0x0251},
  {0xFF53, 0x0252},
  {0xFF54, 0x0253},
  {0xFF55, 0x0254},
  {0xFF56, 0x0255},
  {0xFF57, 0x0256},
  {0xFF58, 0x0257},
  {0xFF59, 0x0258},
  {0xFF5A, 0x0259},
  {0xFF5B, 0x025A},
  {0xFF5C, 0x025B},
  {0xFF5D, 0x025C},
  {0xFF5E, 0x000A},
  {0xFFE0, 0x0048},
  {0xFFE1, 0x0049},
  {0xFFE3, 0x025D},
  {0xFFE5, 0x0203},
};
constexpr int kGbTableSize = 7445;
